DROP TABLE IF EXISTS "atleta";

CREATE TABLE "atleta" (
  codice integer PRIMARY KEY,
  nome varchar(255) default NULL,
  cognome varchar(255) default NULL,
  societa varchar(255) default NULL
);

DROP TABLE IF EXISTS "gara";

CREATE TABLE "gara" (
  codicegara integer PRIMARY KEY,
  disciplina varchar(255) default NULL,
  data date,
  codicevincitore integer NULL
);

DROP TABLE IF EXISTS "partecipazione";

CREATE TABLE "partecipazione" (
  codicegara integer,
  codiceatleta integer,
  PRIMARY KEY (codicegara,codiceatleta)
);

INSERT INTO "atleta" (codice,nome,cognome,societa) VALUES (1,'Lara','Basile','Borgoarancio');
INSERT INTO "atleta" (codice,nome,cognome,societa) VALUES (2,'Jessica','Valente','Borgoviola');
INSERT INTO "atleta" (codice,nome,cognome,societa) VALUES (3,'Gianpaolo','Greco','Borgorosa');
INSERT INTO "atleta" (codice,nome,cognome,societa) VALUES (4,'Ginevra','Coppola','Borgoceleste');
INSERT INTO "atleta" (codice,nome,cognome,societa) VALUES (5,'Noemi','Zanetti','Borgorosa');
INSERT INTO "atleta" (codice,nome,cognome,societa) VALUES (6,'Giulio','Serra','Borgoverde');
INSERT INTO "atleta" (codice,nome,cognome,societa) VALUES (7,'Alessandro','Moro','Borgolilla');
INSERT INTO "atleta" (codice,nome,cognome,societa) VALUES (8,'Elena','Montanari','Borgorosa');
INSERT INTO "atleta" (codice,nome,cognome,societa) VALUES (9,'Nicolò','Caruso','Borgoverde');
INSERT INTO "atleta" (codice,nome,cognome,societa) VALUES (10,'Monica','Catalano','Borgogiallo');
INSERT INTO "atleta" (codice,nome,cognome,societa) VALUES (11,'Greta','Ruggeri','Borgorosa');
INSERT INTO "atleta" (codice,nome,cognome,societa) VALUES (12,'Jessica','Rizzo','Borgogiallo');
INSERT INTO "atleta" (codice,nome,cognome,societa) VALUES (13,'Stefano','Amato','Borgorosa');
INSERT INTO "atleta" (codice,nome,cognome,societa) VALUES (14,'Matteo','Meloni','Borgolilla');
INSERT INTO "atleta" (codice,nome,cognome,societa) VALUES (15,'Federica','Donati','Borgoblu');
INSERT INTO "atleta" (codice,nome,cognome,societa) VALUES (16,'Davide','Pellegrino','Borgoviola');
INSERT INTO "atleta" (codice,nome,cognome,societa) VALUES (17,'Enrico','Carbone','Borgogiallo');
INSERT INTO "atleta" (codice,nome,cognome,societa) VALUES (18,'Lisa','Brambilla','Borgorosso');
INSERT INTO "atleta" (codice,nome,cognome,societa) VALUES (19,'Jessica','Silvestri','Borgorosa');
INSERT INTO "atleta" (codice,nome,cognome,societa) VALUES (20,'Giulietta','Amato','Borgoviola');
INSERT INTO "atleta" (codice,nome,cognome,societa) VALUES (21,'Claudia','Pace','Borgolilla');
INSERT INTO "atleta" (codice,nome,cognome,societa) VALUES (22,'Chiara','Galli','Borgoviola');
INSERT INTO "atleta" (codice,nome,cognome,societa) VALUES (23,'Michela','Pepe','Borgoceleste');
INSERT INTO "atleta" (codice,nome,cognome,societa) VALUES (24,'Vincenzo','Romeo','Borgoviola');
INSERT INTO "atleta" (codice,nome,cognome,societa) VALUES (25,'Angela','Calabrese','Borgorosa');
INSERT INTO "atleta" (codice,nome,cognome,societa) VALUES (26,'Angelo','Gentile','Borgoverde');
INSERT INTO "atleta" (codice,nome,cognome,societa) VALUES (27,'Vincenzo','Sanna','Borgoviola');
INSERT INTO "atleta" (codice,nome,cognome,societa) VALUES (28,'Lorenzo','Piras','Borgorosa');
INSERT INTO "atleta" (codice,nome,cognome,societa) VALUES (29,'Gianpiero','Ferrara','Borgorosso');
INSERT INTO "atleta" (codice,nome,cognome,societa) VALUES (30,'Manuela','Benedetti','Borgoblu');
INSERT INTO "atleta" (codice,nome,cognome,societa) VALUES (31,'Gabriele','De Rosa','Borgoverde');
INSERT INTO "atleta" (codice,nome,cognome,societa) VALUES (32,'Claudia','Serra','Borgoceleste');
INSERT INTO "atleta" (codice,nome,cognome,societa) VALUES (33,'Filippo','Parisi','Borgoblu');
INSERT INTO "atleta" (codice,nome,cognome,societa) VALUES (34,'Luca','Arena','Borgoceleste');
INSERT INTO "atleta" (codice,nome,cognome,societa) VALUES (35,'Armando','Farina','Borgoarancio');
INSERT INTO "atleta" (codice,nome,cognome,societa) VALUES (36,'Samuel','Fontana','Borgoviola');
INSERT INTO "atleta" (codice,nome,cognome,societa) VALUES (37,'Manuela','Neri','Borgorosso');
INSERT INTO "atleta" (codice,nome,cognome,societa) VALUES (38,'Mario','Costantini','Borgoceleste');
INSERT INTO "atleta" (codice,nome,cognome,societa) VALUES (39,'Sara','Di Stefano','Borgoviola');
INSERT INTO "atleta" (codice,nome,cognome,societa) VALUES (40,'Lucio','Pastore','Borgoblu');
INSERT INTO "atleta" (codice,nome,cognome,societa) VALUES (41,'Vanessa','Palumbo','Borgogiallo');
INSERT INTO "atleta" (codice,nome,cognome,societa) VALUES (42,'Tommaso','Esposito','Borgoverde');
INSERT INTO "atleta" (codice,nome,cognome,societa) VALUES (43,'Emanuele','Mariani','Borgolilla');
INSERT INTO "atleta" (codice,nome,cognome,societa) VALUES (44,'Gianluca','Martinelli','Borgogiallo');
INSERT INTO "atleta" (codice,nome,cognome,societa) VALUES (45,'Cristiano','De Angelis','Borgoceleste');
INSERT INTO "atleta" (codice,nome,cognome,societa) VALUES (46,'Samuel','Parisi','Borgorosso');
INSERT INTO "atleta" (codice,nome,cognome,societa) VALUES (47,'Chiara','Ferraro','Borgogiallo');
INSERT INTO "atleta" (codice,nome,cognome,societa) VALUES (48,'Edoardo','Albanese','Borgoverde');
INSERT INTO "atleta" (codice,nome,cognome,societa) VALUES (49,'Alex','Leone','Borgolilla');
INSERT INTO "atleta" (codice,nome,cognome,societa) VALUES (50,'Michela','Martini','Borgoverde');
INSERT INTO "atleta" (codice,nome,cognome,societa) VALUES (51,'Samuele','Coppola','Borgoarancio');
INSERT INTO "atleta" (codice,nome,cognome,societa) VALUES (52,'Ilaria','Benedetti','Borgoverde');
INSERT INTO "atleta" (codice,nome,cognome,societa) VALUES (53,'Lucia','Ferro','Borgolilla');
INSERT INTO "atleta" (codice,nome,cognome,societa) VALUES (54,'Domenico','Poli','Borgoarancio');
INSERT INTO "atleta" (codice,nome,cognome,societa) VALUES (55,'Marta','Castelli','Borgorosso');
INSERT INTO "atleta" (codice,nome,cognome,societa) VALUES (56,'Filippo','Grimaldi','Borgorosa');
INSERT INTO "atleta" (codice,nome,cognome,societa) VALUES (57,'Rebecca','Ferraro','Borgolilla');
INSERT INTO "atleta" (codice,nome,cognome,societa) VALUES (58,'Caterina','Vitali','Borgorosa');
INSERT INTO "atleta" (codice,nome,cognome,societa) VALUES (59,'Veronica','Pinna','Borgogiallo');
INSERT INTO "atleta" (codice,nome,cognome,societa) VALUES (60,'Erika','Marchi','Borgoblu');
INSERT INTO "atleta" (codice,nome,cognome,societa) VALUES (61,'Nicola','Ruggiero','Borgolilla');
INSERT INTO "atleta" (codice,nome,cognome,societa) VALUES (62,'Luca','Pastore','Borgogiallo');
INSERT INTO "atleta" (codice,nome,cognome,societa) VALUES (63,'Erika','Ferro','Borgoarancio');
INSERT INTO "atleta" (codice,nome,cognome,societa) VALUES (64,'Vittoria','Serra','Borgogiallo');
INSERT INTO "atleta" (codice,nome,cognome,societa) VALUES (65,'Alessio','Conte','Borgoarancio');
INSERT INTO "atleta" (codice,nome,cognome,societa) VALUES (66,'Vanessa','Silvestri','Borgoarancio');
INSERT INTO "atleta" (codice,nome,cognome,societa) VALUES (67,'Gianpaolo','Sanna','Borgorosa');
INSERT INTO "atleta" (codice,nome,cognome,societa) VALUES (68,'Erica','Pastore','Borgoviola');
INSERT INTO "atleta" (codice,nome,cognome,societa) VALUES (69,'Viola','Piras','Borgoceleste');
INSERT INTO "atleta" (codice,nome,cognome,societa) VALUES (70,'Aurora','De Angelis','Borgolilla');
INSERT INTO "atleta" (codice,nome,cognome,societa) VALUES (71,'Luigi','Colombo','Borgorosso');
INSERT INTO "atleta" (codice,nome,cognome,societa) VALUES (72,'Giulio','Galli','Borgogiallo');
INSERT INTO "atleta" (codice,nome,cognome,societa) VALUES (73,'Silvia','Martinelli','Borgoblu');
INSERT INTO "atleta" (codice,nome,cognome,societa) VALUES (74,'Ginevra','De Angelis','Borgoblu');
INSERT INTO "atleta" (codice,nome,cognome,societa) VALUES (75,'Elena','Pinna','Borgoviola');
INSERT INTO "atleta" (codice,nome,cognome,societa) VALUES (76,'Federico','Parisi','Borgogiallo');
INSERT INTO "atleta" (codice,nome,cognome,societa) VALUES (77,'Giada','Sanna','Borgoblu');
INSERT INTO "atleta" (codice,nome,cognome,societa) VALUES (78,'Rebecca','Pagano','Borgorosa');
INSERT INTO "atleta" (codice,nome,cognome,societa) VALUES (79,'Alessandro','Pace','Borgogiallo');
INSERT INTO "atleta" (codice,nome,cognome,societa) VALUES (80,'Marta','Orlando','Borgogiallo');
INSERT INTO "atleta" (codice,nome,cognome,societa) VALUES (81,'Lisa','Ricci','Borgoarancio');
INSERT INTO "atleta" (codice,nome,cognome,societa) VALUES (82,'Emanuele','Morelli','Borgoceleste');
INSERT INTO "atleta" (codice,nome,cognome,societa) VALUES (83,'Leonardo','Mariani','Borgoviola');
INSERT INTO "atleta" (codice,nome,cognome,societa) VALUES (84,'Francesco','Di Stefano','Borgorosa');
INSERT INTO "atleta" (codice,nome,cognome,societa) VALUES (85,'Lara','Giorgi','Borgorosa');
INSERT INTO "atleta" (codice,nome,cognome,societa) VALUES (86,'Giada','Parisi','Borgoblu');
INSERT INTO "atleta" (codice,nome,cognome,societa) VALUES (87,'Arianna','Meloni','Borgogiallo');
INSERT INTO "atleta" (codice,nome,cognome,societa) VALUES (88,'Armando','Ferri','Borgogiallo');
INSERT INTO "atleta" (codice,nome,cognome,societa) VALUES (89,'Fabio','Brambilla','Borgogiallo');
INSERT INTO "atleta" (codice,nome,cognome,societa) VALUES (90,'Claudia','Galli','Borgorosa');
INSERT INTO "atleta" (codice,nome,cognome,societa) VALUES (91,'Lisa','Antonelli','Borgogiallo');
INSERT INTO "atleta" (codice,nome,cognome,societa) VALUES (92,'Vittoria','Pastore','Borgoarancio');
INSERT INTO "atleta" (codice,nome,cognome,societa) VALUES (93,'Stefania','Albanese','Borgoviola');
INSERT INTO "atleta" (codice,nome,cognome,societa) VALUES (94,'Stefania','Vitale','Borgogiallo');
INSERT INTO "atleta" (codice,nome,cognome,societa) VALUES (95,'Elisa','Mazza','Borgoviola');
INSERT INTO "atleta" (codice,nome,cognome,societa) VALUES (96,'Michele','Grassi','Borgorosso');
INSERT INTO "atleta" (codice,nome,cognome,societa) VALUES (97,'Samuel','Bruni','Borgoblu');
INSERT INTO "atleta" (codice,nome,cognome,societa) VALUES (98,'Rebecca','Vitali','Borgoceleste');
INSERT INTO "atleta" (codice,nome,cognome,societa) VALUES (99,'Samuele','Costa','Borgoceleste');
INSERT INTO "atleta" (codice,nome,cognome,societa) VALUES (100,'Nicoletta','Mazza','Borgorosso');

INSERT INTO "gara" (codicegara,disciplina,data,codicevincitore) VALUES (1,'Lancio del martello','11/10/2013',90);
INSERT INTO "gara" (codicegara,disciplina,data,codicevincitore) VALUES (2,'Lancio del martello','13/10/2013',85);
INSERT INTO "gara" (codicegara,disciplina,data,codicevincitore) VALUES (3,'Lancio del disco','07/10/2013',67);
INSERT INTO "gara" (codicegara,disciplina,data,codicevincitore) VALUES (4,'Lancio del disco','04/10/2013',82);
INSERT INTO "gara" (codicegara,disciplina,data,codicevincitore) VALUES (5,'Salto in lungo','08/10/2013',18);
INSERT INTO "gara" (codicegara,disciplina,data,codicevincitore) VALUES (6,'Salto triplo','08/10/2013',35);
INSERT INTO "gara" (codicegara,disciplina,data,codicevincitore) VALUES (7,'Lancio del martello','02/10/2013',64);
INSERT INTO "gara" (codicegara,disciplina,data,codicevincitore) VALUES (8,'Lancio del peso','07/10/2013',66);
INSERT INTO "gara" (codicegara,disciplina,data,codicevincitore) VALUES (9,'Lancio del disco','09/10/2013',40);
INSERT INTO "gara" (codicegara,disciplina,data,codicevincitore) VALUES (10,'Salto con l’asta','12/10/2013',83);
INSERT INTO "gara" (codicegara,disciplina,data,codicevincitore) VALUES (11,'Lancio del disco','10/10/2013',17);
INSERT INTO "gara" (codicegara,disciplina,data,codicevincitore) VALUES (12,'Lancio del giavellotto','01/10/2013',32);
INSERT INTO "gara" (codicegara,disciplina,data,codicevincitore) VALUES (13,'Lancio del giavellotto','04/10/2013',17);
INSERT INTO "gara" (codicegara,disciplina,data,codicevincitore) VALUES (14,'Lancio del peso','09/10/2013',91);
INSERT INTO "gara" (codicegara,disciplina,data,codicevincitore) VALUES (15,'Lancio del disco','10/10/2013',31);
INSERT INTO "gara" (codicegara,disciplina,data,codicevincitore) VALUES (16,'Lancio del martello','08/10/2013',40);
INSERT INTO "gara" (codicegara,disciplina,data,codicevincitore) VALUES (17,'Salto in lungo','08/10/2013',87);
INSERT INTO "gara" (codicegara,disciplina,data,codicevincitore) VALUES (18,'Lancio del giavellotto','12/10/2013',58);
INSERT INTO "gara" (codicegara,disciplina,data,codicevincitore) VALUES (19,'Lancio del giavellotto','09/10/2013',81);
INSERT INTO "gara" (codicegara,disciplina,data,codicevincitore) VALUES (20,'Lancio del disco','13/10/2013',32);
INSERT INTO "gara" (codicegara,disciplina,data,codicevincitore) VALUES (21,'Lancio del martello','07/10/2013',99);
INSERT INTO "gara" (codicegara,disciplina,data,codicevincitore) VALUES (22,'Salto in alto','12/10/2013',62);
INSERT INTO "gara" (codicegara,disciplina,data,codicevincitore) VALUES (23,'Salto triplo','13/10/2013',32);
INSERT INTO "gara" (codicegara,disciplina,data,codicevincitore) VALUES (24,'Lancio del martello','03/10/2013',74);
INSERT INTO "gara" (codicegara,disciplina,data,codicevincitore) VALUES (25,'Salto in alto','10/10/2013',40);
INSERT INTO "gara" (codicegara,disciplina,data,codicevincitore) VALUES (26,'Salto in alto','03/10/2013',80);
INSERT INTO "gara" (codicegara,disciplina,data,codicevincitore) VALUES (27,'Lancio del martello','12/10/2013',90);
INSERT INTO "gara" (codicegara,disciplina,data,codicevincitore) VALUES (28,'Lancio del martello','09/10/2013',86);
INSERT INTO "gara" (codicegara,disciplina,data,codicevincitore) VALUES (29,'Lancio del peso','08/10/2013',57);
INSERT INTO "gara" (codicegara,disciplina,data,codicevincitore) VALUES (30,'Salto triplo','06/10/2013',3);
INSERT INTO "gara" (codicegara,disciplina,data,codicevincitore) VALUES (31,'Lancio del giavellotto','09/10/2013',17);
INSERT INTO "gara" (codicegara,disciplina,data,codicevincitore) VALUES (32,'Salto in alto','12/10/2013',26);
INSERT INTO "gara" (codicegara,disciplina,data,codicevincitore) VALUES (33,'Lancio del martello','08/10/2013',70);
INSERT INTO "gara" (codicegara,disciplina,data,codicevincitore) VALUES (34,'Lancio del peso','10/10/2013',4);
INSERT INTO "gara" (codicegara,disciplina,data,codicevincitore) VALUES (35,'Lancio del peso','06/10/2013',55);
INSERT INTO "gara" (codicegara,disciplina,data,codicevincitore) VALUES (36,'Lancio del martello','01/10/2013',16);
INSERT INTO "gara" (codicegara,disciplina,data,codicevincitore) VALUES (37,'Salto triplo','03/10/2013',59);
INSERT INTO "gara" (codicegara,disciplina,data,codicevincitore) VALUES (38,'Salto in lungo','07/10/2013',48);
INSERT INTO "gara" (codicegara,disciplina,data,codicevincitore) VALUES (39,'Salto in lungo','13/10/2013',64);
INSERT INTO "gara" (codicegara,disciplina,data,codicevincitore) VALUES (40,'Salto con l’asta','09/10/2013',52);
INSERT INTO "gara" (codicegara,disciplina,data,codicevincitore) VALUES (41,'Lancio del peso','08/10/2013',67);
INSERT INTO "gara" (codicegara,disciplina,data,codicevincitore) VALUES (42,'Salto con l’asta','14/10/2013',24);
INSERT INTO "gara" (codicegara,disciplina,data,codicevincitore) VALUES (43,'Lancio del martello','13/10/2013',79);
INSERT INTO "gara" (codicegara,disciplina,data,codicevincitore) VALUES (44,'Salto in alto','12/10/2013',33);
INSERT INTO "gara" (codicegara,disciplina,data,codicevincitore) VALUES (45,'Salto triplo','05/10/2013',85);
INSERT INTO "gara" (codicegara,disciplina,data,codicevincitore) VALUES (46,'Lancio del peso','10/10/2013',68);
INSERT INTO "gara" (codicegara,disciplina,data,codicevincitore) VALUES (47,'Salto in lungo','11/10/2013',16);
INSERT INTO "gara" (codicegara,disciplina,data,codicevincitore) VALUES (48,'Salto triplo','12/10/2013',49);
INSERT INTO "gara" (codicegara,disciplina,data,codicevincitore) VALUES (49,'Lancio del disco','13/10/2013',47);
INSERT INTO "gara" (codicegara,disciplina,data,codicevincitore) VALUES (50,'Salto con l’asta','03/10/2013',3);
INSERT INTO "gara" (codicegara,disciplina,data,codicevincitore) VALUES (51,'Lancio del disco','01/10/2013',17);
INSERT INTO "gara" (codicegara,disciplina,data,codicevincitore) VALUES (52,'Salto triplo','13/10/2013',17);
INSERT INTO "gara" (codicegara,disciplina,data,codicevincitore) VALUES (53,'Lancio del martello','13/10/2013',52);
INSERT INTO "gara" (codicegara,disciplina,data,codicevincitore) VALUES (54,'Salto con l’asta','11/10/2013',85);
INSERT INTO "gara" (codicegara,disciplina,data,codicevincitore) VALUES (55,'Lancio del peso','11/10/2013',46);
INSERT INTO "gara" (codicegara,disciplina,data,codicevincitore) VALUES (56,'Lancio del disco','14/10/2013',48);
INSERT INTO "gara" (codicegara,disciplina,data,codicevincitore) VALUES (57,'Salto triplo','09/10/2013',77);
INSERT INTO "gara" (codicegara,disciplina,data,codicevincitore) VALUES (58,'Lancio del peso','14/10/2013',13);
INSERT INTO "gara" (codicegara,disciplina,data,codicevincitore) VALUES (59,'Salto triplo','06/10/2013',98);
INSERT INTO "gara" (codicegara,disciplina,data,codicevincitore) VALUES (60,'Salto in alto','14/10/2013',69);
INSERT INTO "gara" (codicegara,disciplina,data,codicevincitore) VALUES (61,'Lancio del martello','03/10/2013',60);
INSERT INTO "gara" (codicegara,disciplina,data,codicevincitore) VALUES (62,'Salto in alto','07/10/2013',55);
INSERT INTO "gara" (codicegara,disciplina,data,codicevincitore) VALUES (63,'Lancio del martello','10/10/2013',22);
INSERT INTO "gara" (codicegara,disciplina,data,codicevincitore) VALUES (64,'Lancio del disco','10/10/2013',96);
INSERT INTO "gara" (codicegara,disciplina,data,codicevincitore) VALUES (65,'Salto in lungo','02/10/2013',88);
INSERT INTO "gara" (codicegara,disciplina,data,codicevincitore) VALUES (66,'Salto in alto','13/10/2013',78);
INSERT INTO "gara" (codicegara,disciplina,data,codicevincitore) VALUES (67,'Lancio del giavellotto','06/10/2013',42);
INSERT INTO "gara" (codicegara,disciplina,data,codicevincitore) VALUES (68,'Salto in alto','08/10/2013',57);
INSERT INTO "gara" (codicegara,disciplina,data,codicevincitore) VALUES (69,'Lancio del martello','03/10/2013',38);
INSERT INTO "gara" (codicegara,disciplina,data,codicevincitore) VALUES (70,'Salto triplo','14/10/2013',62);
INSERT INTO "gara" (codicegara,disciplina,data,codicevincitore) VALUES (71,'Salto triplo','11/10/2013',78);
INSERT INTO "gara" (codicegara,disciplina,data,codicevincitore) VALUES (72,'Salto in alto','14/10/2013',50);
INSERT INTO "gara" (codicegara,disciplina,data,codicevincitore) VALUES (73,'Lancio del giavellotto','03/10/2013',59);
INSERT INTO "gara" (codicegara,disciplina,data,codicevincitore) VALUES (74,'Salto in lungo','03/10/2013',9);
INSERT INTO "gara" (codicegara,disciplina,data,codicevincitore) VALUES (75,'Salto triplo','06/10/2013',99);
INSERT INTO "gara" (codicegara,disciplina,data,codicevincitore) VALUES (76,'Salto triplo','12/10/2013',74);
INSERT INTO "gara" (codicegara,disciplina,data,codicevincitore) VALUES (77,'Lancio del martello','05/10/2013',15);
INSERT INTO "gara" (codicegara,disciplina,data,codicevincitore) VALUES (78,'Salto con l’asta','10/10/2013',70);
INSERT INTO "gara" (codicegara,disciplina,data,codicevincitore) VALUES (79,'Lancio del martello','06/10/2013',78);
INSERT INTO "gara" (codicegara,disciplina,data,codicevincitore) VALUES (80,'Salto triplo','07/10/2013',98);
INSERT INTO "gara" (codicegara,disciplina,data,codicevincitore) VALUES (81,'Lancio del martello','04/10/2013',18);
INSERT INTO "gara" (codicegara,disciplina,data,codicevincitore) VALUES (82,'Lancio del disco','13/10/2013',55);
INSERT INTO "gara" (codicegara,disciplina,data,codicevincitore) VALUES (83,'Lancio del martello','09/10/2013',85);
INSERT INTO "gara" (codicegara,disciplina,data,codicevincitore) VALUES (84,'Lancio del peso','08/10/2013',74);
INSERT INTO "gara" (codicegara,disciplina,data,codicevincitore) VALUES (85,'Lancio del giavellotto','14/10/2013',9);
INSERT INTO "gara" (codicegara,disciplina,data,codicevincitore) VALUES (86,'Lancio del disco','10/10/2013',18);
INSERT INTO "gara" (codicegara,disciplina,data,codicevincitore) VALUES (87,'Lancio del giavellotto','10/10/2013',91);
INSERT INTO "gara" (codicegara,disciplina,data,codicevincitore) VALUES (88,'Lancio del martello','04/10/2013',8);
INSERT INTO "gara" (codicegara,disciplina,data,codicevincitore) VALUES (89,'Lancio del martello','05/10/2013',70);
INSERT INTO "gara" (codicegara,disciplina,data,codicevincitore) VALUES (90,'Salto in lungo','05/10/2013',61);
INSERT INTO "gara" (codicegara,disciplina,data,codicevincitore) VALUES (91,'Salto in alto','01/10/2013',80);
INSERT INTO "gara" (codicegara,disciplina,data,codicevincitore) VALUES (92,'Lancio del giavellotto','03/10/2013',7);
INSERT INTO "gara" (codicegara,disciplina,data,codicevincitore) VALUES (93,'Salto con l’asta','02/10/2013',38);
INSERT INTO "gara" (codicegara,disciplina,data,codicevincitore) VALUES (94,'Lancio del martello','08/10/2013',20);
INSERT INTO "gara" (codicegara,disciplina,data,codicevincitore) VALUES (95,'Lancio del peso','08/10/2013',27);
INSERT INTO "gara" (codicegara,disciplina,data,codicevincitore) VALUES (96,'Salto triplo','05/10/2013',37);
INSERT INTO "gara" (codicegara,disciplina,data,codicevincitore) VALUES (97,'Salto triplo','05/10/2013',82);
INSERT INTO "gara" (codicegara,disciplina,data,codicevincitore) VALUES (98,'Salto in lungo','14/10/2013',2);
INSERT INTO "gara" (codicegara,disciplina,data,codicevincitore) VALUES (99,'Lancio del peso','06/10/2013',28);
INSERT INTO "gara" (codicegara,disciplina,data,codicevincitore) VALUES (100,'Salto triplo','11/10/2013',31);

INSERT INTO "partecipazione" (codicegara,codiceatleta) VALUES (13,48);
INSERT INTO "partecipazione" (codicegara,codiceatleta) VALUES (9,82);
INSERT INTO "partecipazione" (codicegara,codiceatleta) VALUES (8,25);
INSERT INTO "partecipazione" (codicegara,codiceatleta) VALUES (3,33);
INSERT INTO "partecipazione" (codicegara,codiceatleta) VALUES (10,14);
INSERT INTO "partecipazione" (codicegara,codiceatleta) VALUES (13,41);
INSERT INTO "partecipazione" (codicegara,codiceatleta) VALUES (13,76);
INSERT INTO "partecipazione" (codicegara,codiceatleta) VALUES (1,89);
INSERT INTO "partecipazione" (codicegara,codiceatleta) VALUES (3,40);
INSERT INTO "partecipazione" (codicegara,codiceatleta) VALUES (11,29);
INSERT INTO "partecipazione" (codicegara,codiceatleta) VALUES (2,89);
INSERT INTO "partecipazione" (codicegara,codiceatleta) VALUES (2,87);
INSERT INTO "partecipazione" (codicegara,codiceatleta) VALUES (17,60);
INSERT INTO "partecipazione" (codicegara,codiceatleta) VALUES (20,13);
INSERT INTO "partecipazione" (codicegara,codiceatleta) VALUES (8,31);
INSERT INTO "partecipazione" (codicegara,codiceatleta) VALUES (2,3);
INSERT INTO "partecipazione" (codicegara,codiceatleta) VALUES (1,97);
INSERT INTO "partecipazione" (codicegara,codiceatleta) VALUES (13,9);
INSERT INTO "partecipazione" (codicegara,codiceatleta) VALUES (3,24);
INSERT INTO "partecipazione" (codicegara,codiceatleta) VALUES (15,18);
INSERT INTO "partecipazione" (codicegara,codiceatleta) VALUES (6,49);
INSERT INTO "partecipazione" (codicegara,codiceatleta) VALUES (10,57);
INSERT INTO "partecipazione" (codicegara,codiceatleta) VALUES (10,54);
INSERT INTO "partecipazione" (codicegara,codiceatleta) VALUES (8,78);
INSERT INTO "partecipazione" (codicegara,codiceatleta) VALUES (4,86);
INSERT INTO "partecipazione" (codicegara,codiceatleta) VALUES (1,29);
INSERT INTO "partecipazione" (codicegara,codiceatleta) VALUES (6,40);
INSERT INTO "partecipazione" (codicegara,codiceatleta) VALUES (16,90);
INSERT INTO "partecipazione" (codicegara,codiceatleta) VALUES (7,25);
INSERT INTO "partecipazione" (codicegara,codiceatleta) VALUES (13,47);
INSERT INTO "partecipazione" (codicegara,codiceatleta) VALUES (10,27);
INSERT INTO "partecipazione" (codicegara,codiceatleta) VALUES (19,30);
INSERT INTO "partecipazione" (codicegara,codiceatleta) VALUES (18,23);
INSERT INTO "partecipazione" (codicegara,codiceatleta) VALUES (5,88);
INSERT INTO "partecipazione" (codicegara,codiceatleta) VALUES (7,80);
INSERT INTO "partecipazione" (codicegara,codiceatleta) VALUES (9,90);
INSERT INTO "partecipazione" (codicegara,codiceatleta) VALUES (7,30);
INSERT INTO "partecipazione" (codicegara,codiceatleta) VALUES (15,2);
INSERT INTO "partecipazione" (codicegara,codiceatleta) VALUES (6,76);
INSERT INTO "partecipazione" (codicegara,codiceatleta) VALUES (11,71);
INSERT INTO "partecipazione" (codicegara,codiceatleta) VALUES (3,85);
INSERT INTO "partecipazione" (codicegara,codiceatleta) VALUES (15,73);
INSERT INTO "partecipazione" (codicegara,codiceatleta) VALUES (3,97);
INSERT INTO "partecipazione" (codicegara,codiceatleta) VALUES (14,1);
INSERT INTO "partecipazione" (codicegara,codiceatleta) VALUES (16,47);
INSERT INTO "partecipazione" (codicegara,codiceatleta) VALUES (5,99);
INSERT INTO "partecipazione" (codicegara,codiceatleta) VALUES (15,70);
INSERT INTO "partecipazione" (codicegara,codiceatleta) VALUES (19,54);
INSERT INTO "partecipazione" (codicegara,codiceatleta) VALUES (12,97);
INSERT INTO "partecipazione" (codicegara,codiceatleta) VALUES (9,71);
INSERT INTO "partecipazione" (codicegara,codiceatleta) VALUES (7,55);
INSERT INTO "partecipazione" (codicegara,codiceatleta) VALUES (16,72);
INSERT INTO "partecipazione" (codicegara,codiceatleta) VALUES (10,50);
INSERT INTO "partecipazione" (codicegara,codiceatleta) VALUES (20,21);
INSERT INTO "partecipazione" (codicegara,codiceatleta) VALUES (14,91);
INSERT INTO "partecipazione" (codicegara,codiceatleta) VALUES (11,61);
INSERT INTO "partecipazione" (codicegara,codiceatleta) VALUES (18,7);
INSERT INTO "partecipazione" (codicegara,codiceatleta) VALUES (14,89);
INSERT INTO "partecipazione" (codicegara,codiceatleta) VALUES (17,55);
INSERT INTO "partecipazione" (codicegara,codiceatleta) VALUES (20,69);
INSERT INTO "partecipazione" (codicegara,codiceatleta) VALUES (6,20);
INSERT INTO "partecipazione" (codicegara,codiceatleta) VALUES (3,74);
INSERT INTO "partecipazione" (codicegara,codiceatleta) VALUES (15,74);
INSERT INTO "partecipazione" (codicegara,codiceatleta) VALUES (5,42);
INSERT INTO "partecipazione" (codicegara,codiceatleta) VALUES (7,59);
INSERT INTO "partecipazione" (codicegara,codiceatleta) VALUES (4,27);
INSERT INTO "partecipazione" (codicegara,codiceatleta) VALUES (15,91);
INSERT INTO "partecipazione" (codicegara,codiceatleta) VALUES (9,50);
INSERT INTO "partecipazione" (codicegara,codiceatleta) VALUES (14,22);
INSERT INTO "partecipazione" (codicegara,codiceatleta) VALUES (16,27);
INSERT INTO "partecipazione" (codicegara,codiceatleta) VALUES (8,86);
INSERT INTO "partecipazione" (codicegara,codiceatleta) VALUES (8,70);
INSERT INTO "partecipazione" (codicegara,codiceatleta) VALUES (4,31);
INSERT INTO "partecipazione" (codicegara,codiceatleta) VALUES (14,37);
INSERT INTO "partecipazione" (codicegara,codiceatleta) VALUES (6,25);
INSERT INTO "partecipazione" (codicegara,codiceatleta) VALUES (20,85);
INSERT INTO "partecipazione" (codicegara,codiceatleta) VALUES (18,41);
INSERT INTO "partecipazione" (codicegara,codiceatleta) VALUES (13,55);
INSERT INTO "partecipazione" (codicegara,codiceatleta) VALUES (4,57);
INSERT INTO "partecipazione" (codicegara,codiceatleta) VALUES (9,98);
INSERT INTO "partecipazione" (codicegara,codiceatleta) VALUES (13,97);
INSERT INTO "partecipazione" (codicegara,codiceatleta) VALUES (15,13);
INSERT INTO "partecipazione" (codicegara,codiceatleta) VALUES (6,21);
INSERT INTO "partecipazione" (codicegara,codiceatleta) VALUES (14,99);
INSERT INTO "partecipazione" (codicegara,codiceatleta) VALUES (3,27);
INSERT INTO "partecipazione" (codicegara,codiceatleta) VALUES (11,41);
INSERT INTO "partecipazione" (codicegara,codiceatleta) VALUES (16,62);
INSERT INTO "partecipazione" (codicegara,codiceatleta) VALUES (6,77);
INSERT INTO "partecipazione" (codicegara,codiceatleta) VALUES (10,7);
INSERT INTO "partecipazione" (codicegara,codiceatleta) VALUES (10,72);
INSERT INTO "partecipazione" (codicegara,codiceatleta) VALUES (12,6);
INSERT INTO "partecipazione" (codicegara,codiceatleta) VALUES (8,93);
INSERT INTO "partecipazione" (codicegara,codiceatleta) VALUES (10,46);
INSERT INTO "partecipazione" (codicegara,codiceatleta) VALUES (19,63);
INSERT INTO "partecipazione" (codicegara,codiceatleta) VALUES (3,61);
INSERT INTO "partecipazione" (codicegara,codiceatleta) VALUES (15,81);
INSERT INTO "partecipazione" (codicegara,codiceatleta) VALUES (10,4);
INSERT INTO "partecipazione" (codicegara,codiceatleta) VALUES (4,87);
INSERT INTO "partecipazione" (codicegara,codiceatleta) VALUES (20,44);
INSERT INTO "partecipazione" (codicegara,codiceatleta) VALUES (2,36);
INSERT INTO "partecipazione" (codicegara,codiceatleta) VALUES (10,99);
INSERT INTO "partecipazione" (codicegara,codiceatleta) VALUES (1,27);
INSERT INTO "partecipazione" (codicegara,codiceatleta) VALUES (17,49);
INSERT INTO "partecipazione" (codicegara,codiceatleta) VALUES (2,79);
INSERT INTO "partecipazione" (codicegara,codiceatleta) VALUES (2,20);
INSERT INTO "partecipazione" (codicegara,codiceatleta) VALUES (3,25);
INSERT INTO "partecipazione" (codicegara,codiceatleta) VALUES (13,96);
INSERT INTO "partecipazione" (codicegara,codiceatleta) VALUES (11,88);
INSERT INTO "partecipazione" (codicegara,codiceatleta) VALUES (19,33);
INSERT INTO "partecipazione" (codicegara,codiceatleta) VALUES (13,56);
INSERT INTO "partecipazione" (codicegara,codiceatleta) VALUES (20,81);
INSERT INTO "partecipazione" (codicegara,codiceatleta) VALUES (14,26);
INSERT INTO "partecipazione" (codicegara,codiceatleta) VALUES (13,79);
INSERT INTO "partecipazione" (codicegara,codiceatleta) VALUES (10,35);
INSERT INTO "partecipazione" (codicegara,codiceatleta) VALUES (4,78);
INSERT INTO "partecipazione" (codicegara,codiceatleta) VALUES (20,42);
INSERT INTO "partecipazione" (codicegara,codiceatleta) VALUES (13,61);
INSERT INTO "partecipazione" (codicegara,codiceatleta) VALUES (15,30);
INSERT INTO "partecipazione" (codicegara,codiceatleta) VALUES (9,6);
INSERT INTO "partecipazione" (codicegara,codiceatleta) VALUES (8,26);
INSERT INTO "partecipazione" (codicegara,codiceatleta) VALUES (6,22);
INSERT INTO "partecipazione" (codicegara,codiceatleta) VALUES (12,26);
INSERT INTO "partecipazione" (codicegara,codiceatleta) VALUES (15,49);
INSERT INTO "partecipazione" (codicegara,codiceatleta) VALUES (20,64);
INSERT INTO "partecipazione" (codicegara,codiceatleta) VALUES (18,12);
INSERT INTO "partecipazione" (codicegara,codiceatleta) VALUES (7,32);
INSERT INTO "partecipazione" (codicegara,codiceatleta) VALUES (5,61);
INSERT INTO "partecipazione" (codicegara,codiceatleta) VALUES (17,8);
INSERT INTO "partecipazione" (codicegara,codiceatleta) VALUES (2,84);
INSERT INTO "partecipazione" (codicegara,codiceatleta) VALUES (1,36);
INSERT INTO "partecipazione" (codicegara,codiceatleta) VALUES (19,27);
INSERT INTO "partecipazione" (codicegara,codiceatleta) VALUES (7,40);
INSERT INTO "partecipazione" (codicegara,codiceatleta) VALUES (6,52);
INSERT INTO "partecipazione" (codicegara,codiceatleta) VALUES (7,46);
INSERT INTO "partecipazione" (codicegara,codiceatleta) VALUES (4,33);
INSERT INTO "partecipazione" (codicegara,codiceatleta) VALUES (20,51);
INSERT INTO "partecipazione" (codicegara,codiceatleta) VALUES (4,5);
INSERT INTO "partecipazione" (codicegara,codiceatleta) VALUES (4,40);
INSERT INTO "partecipazione" (codicegara,codiceatleta) VALUES (9,51);
INSERT INTO "partecipazione" (codicegara,codiceatleta) VALUES (20,63);
INSERT INTO "partecipazione" (codicegara,codiceatleta) VALUES (2,69);
INSERT INTO "partecipazione" (codicegara,codiceatleta) VALUES (12,85);
INSERT INTO "partecipazione" (codicegara,codiceatleta) VALUES (1,51);
INSERT INTO "partecipazione" (codicegara,codiceatleta) VALUES (10,5);
INSERT INTO "partecipazione" (codicegara,codiceatleta) VALUES (13,98);
INSERT INTO "partecipazione" (codicegara,codiceatleta) VALUES (7,87);
INSERT INTO "partecipazione" (codicegara,codiceatleta) VALUES (6,35);
INSERT INTO "partecipazione" (codicegara,codiceatleta) VALUES (7,85);
INSERT INTO "partecipazione" (codicegara,codiceatleta) VALUES (8,82);
INSERT INTO "partecipazione" (codicegara,codiceatleta) VALUES (11,25);
INSERT INTO "partecipazione" (codicegara,codiceatleta) VALUES (12,77);
INSERT INTO "partecipazione" (codicegara,codiceatleta) VALUES (4,24);
INSERT INTO "partecipazione" (codicegara,codiceatleta) VALUES (2,42);
INSERT INTO "partecipazione" (codicegara,codiceatleta) VALUES (12,100);
INSERT INTO "partecipazione" (codicegara,codiceatleta) VALUES (19,45);
INSERT INTO "partecipazione" (codicegara,codiceatleta) VALUES (3,82);
INSERT INTO "partecipazione" (codicegara,codiceatleta) VALUES (17,80);
INSERT INTO "partecipazione" (codicegara,codiceatleta) VALUES (9,15);
INSERT INTO "partecipazione" (codicegara,codiceatleta) VALUES (18,62);
INSERT INTO "partecipazione" (codicegara,codiceatleta) VALUES (5,7);
INSERT INTO "partecipazione" (codicegara,codiceatleta) VALUES (7,97);
INSERT INTO "partecipazione" (codicegara,codiceatleta) VALUES (20,57);
INSERT INTO "partecipazione" (codicegara,codiceatleta) VALUES (19,42);
INSERT INTO "partecipazione" (codicegara,codiceatleta) VALUES (1,56);
INSERT INTO "partecipazione" (codicegara,codiceatleta) VALUES (6,50);
INSERT INTO "partecipazione" (codicegara,codiceatleta) VALUES (17,70);
INSERT INTO "partecipazione" (codicegara,codiceatleta) VALUES (13,80);
INSERT INTO "partecipazione" (codicegara,codiceatleta) VALUES (15,57);
INSERT INTO "partecipazione" (codicegara,codiceatleta) VALUES (14,8);
INSERT INTO "partecipazione" (codicegara,codiceatleta) VALUES (12,84);
INSERT INTO "partecipazione" (codicegara,codiceatleta) VALUES (1,55);
INSERT INTO "partecipazione" (codicegara,codiceatleta) VALUES (18,16);
INSERT INTO "partecipazione" (codicegara,codiceatleta) VALUES (16,52);
INSERT INTO "partecipazione" (codicegara,codiceatleta) VALUES (10,34);
INSERT INTO "partecipazione" (codicegara,codiceatleta) VALUES (3,76);
INSERT INTO "partecipazione" (codicegara,codiceatleta) VALUES (11,89);
INSERT INTO "partecipazione" (codicegara,codiceatleta) VALUES (13,78);
INSERT INTO "partecipazione" (codicegara,codiceatleta) VALUES (14,21);
INSERT INTO "partecipazione" (codicegara,codiceatleta) VALUES (15,19);
INSERT INTO "partecipazione" (codicegara,codiceatleta) VALUES (18,26);
INSERT INTO "partecipazione" (codicegara,codiceatleta) VALUES (16,65);
INSERT INTO "partecipazione" (codicegara,codiceatleta) VALUES (1,6);
INSERT INTO "partecipazione" (codicegara,codiceatleta) VALUES (17,53);
INSERT INTO "partecipazione" (codicegara,codiceatleta) VALUES (3,42);
INSERT INTO "partecipazione" (codicegara,codiceatleta) VALUES (14,36);
INSERT INTO "partecipazione" (codicegara,codiceatleta) VALUES (16,67);
INSERT INTO "partecipazione" (codicegara,codiceatleta) VALUES (5,66);
INSERT INTO "partecipazione" (codicegara,codiceatleta) VALUES (12,25);
INSERT INTO "partecipazione" (codicegara,codiceatleta) VALUES (13,57);
INSERT INTO "partecipazione" (codicegara,codiceatleta) VALUES (6,18);
INSERT INTO "partecipazione" (codicegara,codiceatleta) VALUES (1,10);
