DROP TABLE IF EXISTS "aeroporto";

CREATE TABLE "aeroporto" (
  citta varchar(255) PRIMARY KEY,
  nazione varchar(255) default NULL,
  numpiste integer NULL
);

DROP TABLE IF EXISTS "aereo";

CREATE TABLE "aereo" (
  modelloaereo varchar(255) PRIMARY KEY,
  numPasseggeri integer NULL
);

DROP TABLE IF EXISTS "volo";

CREATE TABLE "volo" (
  idVolo integer NULL,
  data date,
  cittaPart varchar(255) default NULL,
  cittaArr varchar(255) default NULL,
  tipoAereo varchar(255) default NULL,
  PRIMARY KEY(idVolo,data),
  FOREIGN KEY(cittaPart) REFERENCES aeroporto(citta),
  FOREIGN KEY(cittaArr) REFERENCES aeroporto(citta),
  FOREIGN KEY(tipoAereo) REFERENCES aereo(modelloaereo)
);

INSERT INTO "aeroporto" (citta,nazione,numpiste) VALUES ('Madrid','Spagna',21);
INSERT INTO "aeroporto" (citta,nazione,numpiste) VALUES ('Roma','Italia',12);
INSERT INTO "aeroporto" (citta,nazione,numpiste) VALUES ('Berlino','Germania',1);
INSERT INTO "aeroporto" (citta,nazione,numpiste) VALUES ('Londra','Inghilterra',30);
INSERT INTO "aeroporto" (citta,nazione,numpiste) VALUES ('Milano','Italia',15);
INSERT INTO "aeroporto" (citta,nazione,numpiste) VALUES ('Napoli','Italia',12);
INSERT INTO "aeroporto" (citta,nazione,numpiste) VALUES ('Parigi','Francia',6);
INSERT INTO "aeroporto" (citta,nazione,numpiste) VALUES ('Monaco','Germania',21);
INSERT INTO "aeroporto" (citta,nazione,numpiste) VALUES ('Valencia','Spagna',3);
INSERT INTO "aeroporto" (citta,nazione,numpiste) VALUES ('Liverpool','Inghilterra',24);
INSERT INTO "aeroporto" (citta,nazione,numpiste) VALUES ('Francoforte','Germania',13);
INSERT INTO "aeroporto" (citta,nazione,numpiste) VALUES ('Lione','Francia',24);
INSERT INTO "aeroporto" (citta,nazione,numpiste) VALUES ('Tolosa','Francia',27);
INSERT INTO "aeroporto" (citta,nazione,numpiste) VALUES ('Siviglia','Spagna',1);
INSERT INTO "aeroporto" (citta,nazione,numpiste) VALUES ('Marsiglia','Francia',2);
INSERT INTO "aeroporto" (citta,nazione,numpiste) VALUES ('Amburgo','Germania',11);
INSERT INTO "aeroporto" (citta,nazione,numpiste) VALUES ('Varsavia','Polonia',7);
INSERT INTO "aeroporto" (citta,nazione,numpiste) VALUES ('San Pietroburgo','Russia',29);
INSERT INTO "aeroporto" (citta,nazione,numpiste) VALUES ('Mosca','Russia',13);
INSERT INTO "aeroporto" (citta,nazione,numpiste) VALUES ('Barcellona','Spagna',8);

INSERT INTO "aereo" (modelloaereo,numPasseggeri) VALUES ('VHF-428',270);
INSERT INTO "aereo" (modelloaereo,numPasseggeri) VALUES ('RQJ-669',208);
INSERT INTO "aereo" (modelloaereo,numPasseggeri) VALUES ('KDB-485',261);
INSERT INTO "aereo" (modelloaereo,numPasseggeri) VALUES ('LSM-557',161);
INSERT INTO "aereo" (modelloaereo,numPasseggeri) VALUES ('JZI-296',172);
INSERT INTO "aereo" (modelloaereo,numPasseggeri) VALUES ('WQR-561',220);
INSERT INTO "aereo" (modelloaereo,numPasseggeri) VALUES ('VVB-493',116);
INSERT INTO "aereo" (modelloaereo,numPasseggeri) VALUES ('QLH-005',198);
INSERT INTO "aereo" (modelloaereo,numPasseggeri) VALUES ('UEM-137',101);
INSERT INTO "aereo" (modelloaereo,numPasseggeri) VALUES ('CQI-395',296);
INSERT INTO "aereo" (modelloaereo,numPasseggeri) VALUES ('BAD-103',101);
INSERT INTO "aereo" (modelloaereo,numPasseggeri) VALUES ('TZC-916',194);
INSERT INTO "aereo" (modelloaereo,numPasseggeri) VALUES ('WNC-806',278);
INSERT INTO "aereo" (modelloaereo,numPasseggeri) VALUES ('PMV-365',183);
INSERT INTO "aereo" (modelloaereo,numPasseggeri) VALUES ('TYB-722',239);
INSERT INTO "aereo" (modelloaereo,numPasseggeri) VALUES ('QXX-676',286);
INSERT INTO "aereo" (modelloaereo,numPasseggeri) VALUES ('CSY-690',231);
INSERT INTO "aereo" (modelloaereo,numPasseggeri) VALUES ('ZFQ-210',230);
INSERT INTO "aereo" (modelloaereo,numPasseggeri) VALUES ('JJF-933',223);
INSERT INTO "aereo" (modelloaereo,numPasseggeri) VALUES ('LFD-789',163);
INSERT INTO "aereo" (modelloaereo,numPasseggeri) VALUES ('IDW-645',253);
INSERT INTO "aereo" (modelloaereo,numPasseggeri) VALUES ('TWI-333',163);
INSERT INTO "aereo" (modelloaereo,numPasseggeri) VALUES ('ZIK-664',235);
INSERT INTO "aereo" (modelloaereo,numPasseggeri) VALUES ('OVM-050',256);
INSERT INTO "aereo" (modelloaereo,numPasseggeri) VALUES ('NLY-802',178);
INSERT INTO "aereo" (modelloaereo,numPasseggeri) VALUES ('SDX-605',164);
INSERT INTO "aereo" (modelloaereo,numPasseggeri) VALUES ('FUQ-926',101);
INSERT INTO "aereo" (modelloaereo,numPasseggeri) VALUES ('DJG-283',169);
INSERT INTO "aereo" (modelloaereo,numPasseggeri) VALUES ('HMP-860',167);
INSERT INTO "aereo" (modelloaereo,numPasseggeri) VALUES ('UJI-531',294);
INSERT INTO "aereo" (modelloaereo,numPasseggeri) VALUES ('ULC-228',248);
INSERT INTO "aereo" (modelloaereo,numPasseggeri) VALUES ('OMH-151',208);
INSERT INTO "aereo" (modelloaereo,numPasseggeri) VALUES ('WGO-981',260);
INSERT INTO "aereo" (modelloaereo,numPasseggeri) VALUES ('NUT-046',136);
INSERT INTO "aereo" (modelloaereo,numPasseggeri) VALUES ('JLX-349',205);
INSERT INTO "aereo" (modelloaereo,numPasseggeri) VALUES ('LWU-700',273);
INSERT INTO "aereo" (modelloaereo,numPasseggeri) VALUES ('EZB-941',113);
INSERT INTO "aereo" (modelloaereo,numPasseggeri) VALUES ('ELK-350',136);
INSERT INTO "aereo" (modelloaereo,numPasseggeri) VALUES ('UGL-293',93);
INSERT INTO "aereo" (modelloaereo,numPasseggeri) VALUES ('JIC-352',181);
INSERT INTO "aereo" (modelloaereo,numPasseggeri) VALUES ('WHJ-489',154);
INSERT INTO "aereo" (modelloaereo,numPasseggeri) VALUES ('XRR-267',112);
INSERT INTO "aereo" (modelloaereo,numPasseggeri) VALUES ('OWM-612',299);
INSERT INTO "aereo" (modelloaereo,numPasseggeri) VALUES ('RVY-803',193);
INSERT INTO "aereo" (modelloaereo,numPasseggeri) VALUES ('ZWV-443',277);
INSERT INTO "aereo" (modelloaereo,numPasseggeri) VALUES ('FER-117',121);
INSERT INTO "aereo" (modelloaereo,numPasseggeri) VALUES ('HUX-675',222);
INSERT INTO "aereo" (modelloaereo,numPasseggeri) VALUES ('KWT-565',246);
INSERT INTO "aereo" (modelloaereo,numPasseggeri) VALUES ('FBA-022',216);
INSERT INTO "aereo" (modelloaereo,numPasseggeri) VALUES ('GDP-963',145);
INSERT INTO "aereo" (modelloaereo,numPasseggeri) VALUES ('GAP-091',215);
INSERT INTO "aereo" (modelloaereo,numPasseggeri) VALUES ('VSH-796',113);
INSERT INTO "aereo" (modelloaereo,numPasseggeri) VALUES ('IFT-117',243);
INSERT INTO "aereo" (modelloaereo,numPasseggeri) VALUES ('HYW-010',208);
INSERT INTO "aereo" (modelloaereo,numPasseggeri) VALUES ('UCI-314',268);
INSERT INTO "aereo" (modelloaereo,numPasseggeri) VALUES ('JVS-175',105);
INSERT INTO "aereo" (modelloaereo,numPasseggeri) VALUES ('NFN-204',107);
INSERT INTO "aereo" (modelloaereo,numPasseggeri) VALUES ('BXZ-552',225);
INSERT INTO "aereo" (modelloaereo,numPasseggeri) VALUES ('KDH-744',204);
INSERT INTO "aereo" (modelloaereo,numPasseggeri) VALUES ('TEW-884',202);
INSERT INTO "aereo" (modelloaereo,numPasseggeri) VALUES ('CQE-622',166);
INSERT INTO "aereo" (modelloaereo,numPasseggeri) VALUES ('SZM-148',181);
INSERT INTO "aereo" (modelloaereo,numPasseggeri) VALUES ('POV-294',141);
INSERT INTO "aereo" (modelloaereo,numPasseggeri) VALUES ('VHS-521',80);
INSERT INTO "aereo" (modelloaereo,numPasseggeri) VALUES ('GMD-033',203);
INSERT INTO "aereo" (modelloaereo,numPasseggeri) VALUES ('NQK-711',158);
INSERT INTO "aereo" (modelloaereo,numPasseggeri) VALUES ('KYJ-408',110);
INSERT INTO "aereo" (modelloaereo,numPasseggeri) VALUES ('SIN-829',120);
INSERT INTO "aereo" (modelloaereo,numPasseggeri) VALUES ('XBC-188',106);
INSERT INTO "aereo" (modelloaereo,numPasseggeri) VALUES ('SGC-374',251);
INSERT INTO "aereo" (modelloaereo,numPasseggeri) VALUES ('LVS-191',108);
INSERT INTO "aereo" (modelloaereo,numPasseggeri) VALUES ('NML-629',92);
INSERT INTO "aereo" (modelloaereo,numPasseggeri) VALUES ('LEO-089',156);
INSERT INTO "aereo" (modelloaereo,numPasseggeri) VALUES ('OSH-428',177);
INSERT INTO "aereo" (modelloaereo,numPasseggeri) VALUES ('AVE-697',255);
INSERT INTO "aereo" (modelloaereo,numPasseggeri) VALUES ('BDE-255',174);
INSERT INTO "aereo" (modelloaereo,numPasseggeri) VALUES ('KPY-010',189);
INSERT INTO "aereo" (modelloaereo,numPasseggeri) VALUES ('WJN-125',86);
INSERT INTO "aereo" (modelloaereo,numPasseggeri) VALUES ('MYH-218',97);
INSERT INTO "aereo" (modelloaereo,numPasseggeri) VALUES ('BUV-455',246);
INSERT INTO "aereo" (modelloaereo,numPasseggeri) VALUES ('GXV-893',94);
INSERT INTO "aereo" (modelloaereo,numPasseggeri) VALUES ('NFT-882',165);
INSERT INTO "aereo" (modelloaereo,numPasseggeri) VALUES ('TNI-733',208);
INSERT INTO "aereo" (modelloaereo,numPasseggeri) VALUES ('NZP-055',83);
INSERT INTO "aereo" (modelloaereo,numPasseggeri) VALUES ('YOW-051',210);
INSERT INTO "aereo" (modelloaereo,numPasseggeri) VALUES ('WVA-959',150);
INSERT INTO "aereo" (modelloaereo,numPasseggeri) VALUES ('LRN-589',125);
INSERT INTO "aereo" (modelloaereo,numPasseggeri) VALUES ('FVN-798',98);
INSERT INTO "aereo" (modelloaereo,numPasseggeri) VALUES ('KDR-597',125);
INSERT INTO "aereo" (modelloaereo,numPasseggeri) VALUES ('ZCI-606',266);
INSERT INTO "aereo" (modelloaereo,numPasseggeri) VALUES ('URG-551',279);
INSERT INTO "aereo" (modelloaereo,numPasseggeri) VALUES ('WDW-394',99);
INSERT INTO "aereo" (modelloaereo,numPasseggeri) VALUES ('AGI-080',129);
INSERT INTO "aereo" (modelloaereo,numPasseggeri) VALUES ('ORP-730',200);
INSERT INTO "aereo" (modelloaereo,numPasseggeri) VALUES ('HIH-829',184);
INSERT INTO "aereo" (modelloaereo,numPasseggeri) VALUES ('NDC-733',143);
INSERT INTO "aereo" (modelloaereo,numPasseggeri) VALUES ('DCQ-863',82);
INSERT INTO "aereo" (modelloaereo,numPasseggeri) VALUES ('VNC-518',200);
INSERT INTO "aereo" (modelloaereo,numPasseggeri) VALUES ('XUZ-619',103);
INSERT INTO "aereo" (modelloaereo,numPasseggeri) VALUES ('DPY-965',260);


INSERT INTO "volo" (idVolo,data,cittaPart,cittaArr,tipoAereo) VALUES (1,'03/06/2014','Madrid','Madrid','ZCI-606');
INSERT INTO "volo" (idVolo,data,cittaPart,cittaArr,tipoAereo) VALUES (2,'14/10/2014','Napoli','Liverpool','LVS-191');
INSERT INTO "volo" (idVolo,data,cittaPart,cittaArr,tipoAereo) VALUES (3,'31/05/2014','Liverpool','Berlino','BAD-103');
INSERT INTO "volo" (idVolo,data,cittaPart,cittaArr,tipoAereo) VALUES (4,'24/03/2013','Parigi','Napoli','HIH-829');
INSERT INTO "volo" (idVolo,data,cittaPart,cittaArr,tipoAereo) VALUES (5,'01/08/2014','Tolosa','Londra','LVS-191');
INSERT INTO "volo" (idVolo,data,cittaPart,cittaArr,tipoAereo) VALUES (6,'14/05/2013','Siviglia','Monaco','OSH-428');
INSERT INTO "volo" (idVolo,data,cittaPart,cittaArr,tipoAereo) VALUES (7,'31/01/2012','Madrid','Marsiglia','VHF-428');
INSERT INTO "volo" (idVolo,data,cittaPart,cittaArr,tipoAereo) VALUES (8,'20/04/2013','Milano','Napoli','JVS-175');
INSERT INTO "volo" (idVolo,data,cittaPart,cittaArr,tipoAereo) VALUES (9,'24/09/2012','Francoforte','Siviglia','UCI-314');
INSERT INTO "volo" (idVolo,data,cittaPart,cittaArr,tipoAereo) VALUES (10,'06/06/2014','Marsiglia','Mosca','VVB-493');
INSERT INTO "volo" (idVolo,data,cittaPart,cittaArr,tipoAereo) VALUES (11,'01/04/2013','Lione','Monaco','JLX-349');
INSERT INTO "volo" (idVolo,data,cittaPart,cittaArr,tipoAereo) VALUES (12,'10/09/2012','Monaco','Milano','OVM-050');
INSERT INTO "volo" (idVolo,data,cittaPart,cittaArr,tipoAereo) VALUES (13,'30/04/2013','Francoforte','Milano','HYW-010');
INSERT INTO "volo" (idVolo,data,cittaPart,cittaArr,tipoAereo) VALUES (14,'27/12/2012','Barcellona','Siviglia','WJN-125');
INSERT INTO "volo" (idVolo,data,cittaPart,cittaArr,tipoAereo) VALUES (15,'05/03/2013','Madrid','Madrid','WGO-981');
INSERT INTO "volo" (idVolo,data,cittaPart,cittaArr,tipoAereo) VALUES (16,'12/02/2012','Londra','Parigi','TWI-333');
INSERT INTO "volo" (idVolo,data,cittaPart,cittaArr,tipoAereo) VALUES (17,'21/08/2012','Parigi','Roma','JVS-175');
INSERT INTO "volo" (idVolo,data,cittaPart,cittaArr,tipoAereo) VALUES (18,'24/07/2013','Milano','Lione','QLH-005');
INSERT INTO "volo" (idVolo,data,cittaPart,cittaArr,tipoAereo) VALUES (19,'13/08/2013','Marsiglia','San Pietroburgo','LFD-789');
INSERT INTO "volo" (idVolo,data,cittaPart,cittaArr,tipoAereo) VALUES (20,'23/07/2012','Napoli','Milano','YOW-051');
INSERT INTO "volo" (idVolo,data,cittaPart,cittaArr,tipoAereo) VALUES (21,'02/12/2012','Mosca','Barcellona','LVS-191');
INSERT INTO "volo" (idVolo,data,cittaPart,cittaArr,tipoAereo) VALUES (22,'02/01/2014','Londra','Varsavia','IFT-117');
INSERT INTO "volo" (idVolo,data,cittaPart,cittaArr,tipoAereo) VALUES (23,'02/09/2012','Roma','Monaco','WHJ-489');
INSERT INTO "volo" (idVolo,data,cittaPart,cittaArr,tipoAereo) VALUES (24,'09/01/2014','Barcellona','Milano','BDE-255');
INSERT INTO "volo" (idVolo,data,cittaPart,cittaArr,tipoAereo) VALUES (25,'12/05/2014','Monaco','Siviglia','ZWV-443');
INSERT INTO "volo" (idVolo,data,cittaPart,cittaArr,tipoAereo) VALUES (26,'18/04/2014','Francoforte','Siviglia','AVE-697');
INSERT INTO "volo" (idVolo,data,cittaPart,cittaArr,tipoAereo) VALUES (27,'27/10/2012','Siviglia','Tolosa','LVS-191');
INSERT INTO "volo" (idVolo,data,cittaPart,cittaArr,tipoAereo) VALUES (28,'28/08/2012','Lione','Tolosa','KDR-597');
INSERT INTO "volo" (idVolo,data,cittaPart,cittaArr,tipoAereo) VALUES (29,'22/04/2014','San Pietroburgo','Roma','WJN-125');
INSERT INTO "volo" (idVolo,data,cittaPart,cittaArr,tipoAereo) VALUES (30,'13/11/2012','Roma','Marsiglia','SZM-148');
INSERT INTO "volo" (idVolo,data,cittaPart,cittaArr,tipoAereo) VALUES (31,'12/07/2014','Parigi','Berlino','URG-551');
INSERT INTO "volo" (idVolo,data,cittaPart,cittaArr,tipoAereo) VALUES (32,'26/04/2013','Milano','Londra','XBC-188');
INSERT INTO "volo" (idVolo,data,cittaPart,cittaArr,tipoAereo) VALUES (33,'26/04/2012','Milano','Siviglia','URG-551');
INSERT INTO "volo" (idVolo,data,cittaPart,cittaArr,tipoAereo) VALUES (34,'30/07/2012','Londra','Lione','FUQ-926');
INSERT INTO "volo" (idVolo,data,cittaPart,cittaArr,tipoAereo) VALUES (35,'30/12/2014','Amburgo','Parigi','KDB-485');
INSERT INTO "volo" (idVolo,data,cittaPart,cittaArr,tipoAereo) VALUES (36,'23/10/2013','Siviglia','Marsiglia','WDW-394');
INSERT INTO "volo" (idVolo,data,cittaPart,cittaArr,tipoAereo) VALUES (37,'07/07/2013','Londra','Francoforte','NUT-046');
INSERT INTO "volo" (idVolo,data,cittaPart,cittaArr,tipoAereo) VALUES (38,'26/02/2014','Londra','Francoforte','IFT-117');
INSERT INTO "volo" (idVolo,data,cittaPart,cittaArr,tipoAereo) VALUES (39,'26/10/2013','Monaco','Madrid','WGO-981');
INSERT INTO "volo" (idVolo,data,cittaPart,cittaArr,tipoAereo) VALUES (40,'31/05/2013','Barcellona','Valencia','AGI-080');
INSERT INTO "volo" (idVolo,data,cittaPart,cittaArr,tipoAereo) VALUES (41,'17/10/2013','Varsavia','Amburgo','LRN-589');
INSERT INTO "volo" (idVolo,data,cittaPart,cittaArr,tipoAereo) VALUES (42,'30/01/2014','Francoforte','Mosca','LWU-700');
INSERT INTO "volo" (idVolo,data,cittaPart,cittaArr,tipoAereo) VALUES (43,'02/04/2014','Liverpool','Milano','RVY-803');
INSERT INTO "volo" (idVolo,data,cittaPart,cittaArr,tipoAereo) VALUES (44,'10/12/2014','Varsavia','Varsavia','WGO-981');
INSERT INTO "volo" (idVolo,data,cittaPart,cittaArr,tipoAereo) VALUES (45,'27/02/2012','Marsiglia','Varsavia','LRN-589');
INSERT INTO "volo" (idVolo,data,cittaPart,cittaArr,tipoAereo) VALUES (46,'23/01/2013','Mosca','Tolosa','EZB-941');
INSERT INTO "volo" (idVolo,data,cittaPart,cittaArr,tipoAereo) VALUES (47,'02/08/2014','Tolosa','Roma','CQI-395');
INSERT INTO "volo" (idVolo,data,cittaPart,cittaArr,tipoAereo) VALUES (48,'26/03/2014','Liverpool','Marsiglia','OVM-050');
INSERT INTO "volo" (idVolo,data,cittaPart,cittaArr,tipoAereo) VALUES (49,'16/05/2013','Valencia','Tolosa','UGL-293');
INSERT INTO "volo" (idVolo,data,cittaPart,cittaArr,tipoAereo) VALUES (50,'01/07/2013','Amburgo','Tolosa','LRN-589');
INSERT INTO "volo" (idVolo,data,cittaPart,cittaArr,tipoAereo) VALUES (51,'08/08/2014','Berlino','Madrid','SGC-374');
INSERT INTO "volo" (idVolo,data,cittaPart,cittaArr,tipoAereo) VALUES (52,'02/11/2012','Londra','Roma','RQJ-669');
INSERT INTO "volo" (idVolo,data,cittaPart,cittaArr,tipoAereo) VALUES (53,'21/08/2013','Varsavia','Monaco','LRN-589');
INSERT INTO "volo" (idVolo,data,cittaPart,cittaArr,tipoAereo) VALUES (54,'18/02/2013','Monaco','Lione','OMH-151');
INSERT INTO "volo" (idVolo,data,cittaPart,cittaArr,tipoAereo) VALUES (55,'29/05/2012','Valencia','Valencia','GAP-091');
INSERT INTO "volo" (idVolo,data,cittaPart,cittaArr,tipoAereo) VALUES (56,'30/11/2014','Napoli','San Pietroburgo','VVB-493');
INSERT INTO "volo" (idVolo,data,cittaPart,cittaArr,tipoAereo) VALUES (57,'09/08/2014','Milano','Siviglia','VHF-428');
INSERT INTO "volo" (idVolo,data,cittaPart,cittaArr,tipoAereo) VALUES (58,'14/04/2012','Valencia','Napoli','VSH-796');
INSERT INTO "volo" (idVolo,data,cittaPart,cittaArr,tipoAereo) VALUES (59,'05/07/2012','Barcellona','Mosca','NQK-711');
INSERT INTO "volo" (idVolo,data,cittaPart,cittaArr,tipoAereo) VALUES (60,'26/08/2014','Parigi','Francoforte','KDH-744');
INSERT INTO "volo" (idVolo,data,cittaPart,cittaArr,tipoAereo) VALUES (61,'29/06/2012','Francoforte','Liverpool','RVY-803');
INSERT INTO "volo" (idVolo,data,cittaPart,cittaArr,tipoAereo) VALUES (62,'12/01/2012','Liverpool','Tolosa','LVS-191');
INSERT INTO "volo" (idVolo,data,cittaPart,cittaArr,tipoAereo) VALUES (63,'29/07/2012','San Pietroburgo','Francoforte','AGI-080');
INSERT INTO "volo" (idVolo,data,cittaPart,cittaArr,tipoAereo) VALUES (64,'17/11/2013','Milano','Francoforte','XBC-188');
INSERT INTO "volo" (idVolo,data,cittaPart,cittaArr,tipoAereo) VALUES (65,'20/06/2013','Napoli','Madrid','POV-294');
INSERT INTO "volo" (idVolo,data,cittaPart,cittaArr,tipoAereo) VALUES (66,'04/09/2012','Roma','Berlino','LRN-589');
INSERT INTO "volo" (idVolo,data,cittaPart,cittaArr,tipoAereo) VALUES (67,'22/02/2013','Madrid','Amburgo','AGI-080');
INSERT INTO "volo" (idVolo,data,cittaPart,cittaArr,tipoAereo) VALUES (68,'04/01/2014','Napoli','Tolosa','KPY-010');
INSERT INTO "volo" (idVolo,data,cittaPart,cittaArr,tipoAereo) VALUES (69,'24/08/2014','Liverpool','Madrid','BUV-455');
INSERT INTO "volo" (idVolo,data,cittaPart,cittaArr,tipoAereo) VALUES (70,'07/05/2013','Varsavia','Varsavia','MYH-218');
INSERT INTO "volo" (idVolo,data,cittaPart,cittaArr,tipoAereo) VALUES (71,'05/05/2013','Parigi','Amburgo','WVA-959');
INSERT INTO "volo" (idVolo,data,cittaPart,cittaArr,tipoAereo) VALUES (72,'04/12/2014','Parigi','Siviglia','OVM-050');
INSERT INTO "volo" (idVolo,data,cittaPart,cittaArr,tipoAereo) VALUES (73,'05/01/2014','Napoli','Tolosa','GAP-091');
INSERT INTO "volo" (idVolo,data,cittaPart,cittaArr,tipoAereo) VALUES (74,'15/02/2012','Lione','Lione','CSY-690');
INSERT INTO "volo" (idVolo,data,cittaPart,cittaArr,tipoAereo) VALUES (75,'13/09/2012','Roma','Barcellona','UJI-531');
INSERT INTO "volo" (idVolo,data,cittaPart,cittaArr,tipoAereo) VALUES (76,'27/01/2013','Berlino','San Pietroburgo','VSH-796');
INSERT INTO "volo" (idVolo,data,cittaPart,cittaArr,tipoAereo) VALUES (77,'28/05/2014','Madrid','Barcellona','NZP-055');
INSERT INTO "volo" (idVolo,data,cittaPart,cittaArr,tipoAereo) VALUES (78,'19/10/2013','Tolosa','Amburgo','FUQ-926');
INSERT INTO "volo" (idVolo,data,cittaPart,cittaArr,tipoAereo) VALUES (79,'10/07/2013','Amburgo','Monaco','UJI-531');
INSERT INTO "volo" (idVolo,data,cittaPart,cittaArr,tipoAereo) VALUES (80,'06/11/2013','Roma','Marsiglia','LEO-089');
INSERT INTO "volo" (idVolo,data,cittaPart,cittaArr,tipoAereo) VALUES (81,'12/11/2012','Roma','Milano','KDH-744');
INSERT INTO "volo" (idVolo,data,cittaPart,cittaArr,tipoAereo) VALUES (82,'08/07/2013','Madrid','Siviglia','JLX-349');
INSERT INTO "volo" (idVolo,data,cittaPart,cittaArr,tipoAereo) VALUES (83,'31/03/2014','Mosca','Londra','UCI-314');
INSERT INTO "volo" (idVolo,data,cittaPart,cittaArr,tipoAereo) VALUES (84,'07/07/2012','Napoli','Francoforte','OVM-050');
INSERT INTO "volo" (idVolo,data,cittaPart,cittaArr,tipoAereo) VALUES (85,'21/06/2014','Napoli','Madrid','ELK-350');
INSERT INTO "volo" (idVolo,data,cittaPart,cittaArr,tipoAereo) VALUES (86,'15/03/2013','Berlino','Monaco','SIN-829');
INSERT INTO "volo" (idVolo,data,cittaPart,cittaArr,tipoAereo) VALUES (87,'15/03/2014','Napoli','Marsiglia','ELK-350');
INSERT INTO "volo" (idVolo,data,cittaPart,cittaArr,tipoAereo) VALUES (88,'16/12/2012','Amburgo','San Pietroburgo','ELK-350');
INSERT INTO "volo" (idVolo,data,cittaPart,cittaArr,tipoAereo) VALUES (89,'31/08/2014','Roma','Roma','QLH-005');
INSERT INTO "volo" (idVolo,data,cittaPart,cittaArr,tipoAereo) VALUES (90,'27/03/2013','Londra','Monaco','NFN-204');
INSERT INTO "volo" (idVolo,data,cittaPart,cittaArr,tipoAereo) VALUES (91,'09/10/2014','Milano','Londra','IDW-645');
INSERT INTO "volo" (idVolo,data,cittaPart,cittaArr,tipoAereo) VALUES (92,'21/03/2013','Napoli','Francoforte','HYW-010');
INSERT INTO "volo" (idVolo,data,cittaPart,cittaArr,tipoAereo) VALUES (93,'16/06/2013','Napoli','Monaco','FER-117');
INSERT INTO "volo" (idVolo,data,cittaPart,cittaArr,tipoAereo) VALUES (94,'03/05/2012','Londra','Lione','GAP-091');
INSERT INTO "volo" (idVolo,data,cittaPart,cittaArr,tipoAereo) VALUES (95,'23/06/2012','Francoforte','Barcellona','HYW-010');
INSERT INTO "volo" (idVolo,data,cittaPart,cittaArr,tipoAereo) VALUES (96,'02/01/2013','Berlino','Parigi','HYW-010');
INSERT INTO "volo" (idVolo,data,cittaPart,cittaArr,tipoAereo) VALUES (97,'25/04/2012','Roma','Napoli','OSH-428');
INSERT INTO "volo" (idVolo,data,cittaPart,cittaArr,tipoAereo) VALUES (98,'19/12/2012','Tolosa','Napoli','DPY-965');
INSERT INTO "volo" (idVolo,data,cittaPart,cittaArr,tipoAereo) VALUES (99,'16/10/2014','Tolosa','Milano','WVA-959');
INSERT INTO "volo" (idVolo,data,cittaPart,cittaArr,tipoAereo) VALUES (100,'21/12/2013','Napoli','Lione','URG-551');
INSERT INTO "volo" (idVolo,data,cittaPart,cittaArr,tipoAereo) VALUES (101,'09/03/2013','Varsavia','Valencia','EZB-941');
INSERT INTO "volo" (idVolo,data,cittaPart,cittaArr,tipoAereo) VALUES (102,'23/11/2014','Valencia','Tolosa','WJN-125');
INSERT INTO "volo" (idVolo,data,cittaPart,cittaArr,tipoAereo) VALUES (103,'17/06/2013','Amburgo','Londra','LFD-789');
INSERT INTO "volo" (idVolo,data,cittaPart,cittaArr,tipoAereo) VALUES (104,'22/01/2012','Siviglia','Francoforte','QLH-005');
INSERT INTO "volo" (idVolo,data,cittaPart,cittaArr,tipoAereo) VALUES (105,'10/01/2013','Amburgo','Siviglia','GDP-963');
INSERT INTO "volo" (idVolo,data,cittaPart,cittaArr,tipoAereo) VALUES (106,'23/09/2013','Roma','Milano','BXZ-552');
INSERT INTO "volo" (idVolo,data,cittaPart,cittaArr,tipoAereo) VALUES (107,'19/07/2014','Francoforte','Mosca','PMV-365');
INSERT INTO "volo" (idVolo,data,cittaPart,cittaArr,tipoAereo) VALUES (108,'31/03/2012','Lione','Varsavia','VHS-521');
INSERT INTO "volo" (idVolo,data,cittaPart,cittaArr,tipoAereo) VALUES (109,'31/08/2014','Parigi','San Pietroburgo','VHS-521');
INSERT INTO "volo" (idVolo,data,cittaPart,cittaArr,tipoAereo) VALUES (110,'20/02/2012','Parigi','Valencia','UJI-531');
INSERT INTO "volo" (idVolo,data,cittaPart,cittaArr,tipoAereo) VALUES (111,'09/07/2013','Madrid','Marsiglia','BUV-455');
INSERT INTO "volo" (idVolo,data,cittaPart,cittaArr,tipoAereo) VALUES (112,'13/12/2012','Francoforte','San Pietroburgo','TYB-722');
INSERT INTO "volo" (idVolo,data,cittaPart,cittaArr,tipoAereo) VALUES (113,'03/02/2013','Napoli','Monaco','KDH-744');
INSERT INTO "volo" (idVolo,data,cittaPart,cittaArr,tipoAereo) VALUES (114,'01/12/2014','Lione','Napoli','HUX-675');
INSERT INTO "volo" (idVolo,data,cittaPart,cittaArr,tipoAereo) VALUES (115,'18/06/2014','Francoforte','San Pietroburgo','WJN-125');
INSERT INTO "volo" (idVolo,data,cittaPart,cittaArr,tipoAereo) VALUES (116,'30/01/2014','Siviglia','Roma','WQR-561');
INSERT INTO "volo" (idVolo,data,cittaPart,cittaArr,tipoAereo) VALUES (117,'11/08/2013','Tolosa','Liverpool','DCQ-863');
INSERT INTO "volo" (idVolo,data,cittaPart,cittaArr,tipoAereo) VALUES (118,'03/08/2014','Siviglia','Napoli','TYB-722');
INSERT INTO "volo" (idVolo,data,cittaPart,cittaArr,tipoAereo) VALUES (119,'28/06/2012','Parigi','Roma','XUZ-619');
INSERT INTO "volo" (idVolo,data,cittaPart,cittaArr,tipoAereo) VALUES (120,'22/11/2013','Monaco','Roma','KWT-565');
INSERT INTO "volo" (idVolo,data,cittaPart,cittaArr,tipoAereo) VALUES (121,'04/12/2014','Milano','Lione','UJI-531');
INSERT INTO "volo" (idVolo,data,cittaPart,cittaArr,tipoAereo) VALUES (122,'17/06/2012','Siviglia','Monaco','CSY-690');
INSERT INTO "volo" (idVolo,data,cittaPart,cittaArr,tipoAereo) VALUES (123,'27/02/2014','Tolosa','Barcellona','EZB-941');
INSERT INTO "volo" (idVolo,data,cittaPart,cittaArr,tipoAereo) VALUES (124,'19/10/2013','Roma','Tolosa','EZB-941');
INSERT INTO "volo" (idVolo,data,cittaPart,cittaArr,tipoAereo) VALUES (125,'13/05/2013','Napoli','Amburgo','TNI-733');
INSERT INTO "volo" (idVolo,data,cittaPart,cittaArr,tipoAereo) VALUES (126,'03/01/2013','San Pietroburgo','Marsiglia','NFN-204');
INSERT INTO "volo" (idVolo,data,cittaPart,cittaArr,tipoAereo) VALUES (127,'02/11/2014','Liverpool','Liverpool','NDC-733');
INSERT INTO "volo" (idVolo,data,cittaPart,cittaArr,tipoAereo) VALUES (128,'28/01/2013','Liverpool','San Pietroburgo','CSY-690');
INSERT INTO "volo" (idVolo,data,cittaPart,cittaArr,tipoAereo) VALUES (129,'15/09/2013','Napoli','Berlino','VNC-518');
INSERT INTO "volo" (idVolo,data,cittaPart,cittaArr,tipoAereo) VALUES (130,'07/03/2012','Milano','Lione','WHJ-489');
INSERT INTO "volo" (idVolo,data,cittaPart,cittaArr,tipoAereo) VALUES (131,'14/05/2013','Varsavia','Lione','WGO-981');
INSERT INTO "volo" (idVolo,data,cittaPart,cittaArr,tipoAereo) VALUES (132,'15/05/2012','San Pietroburgo','Barcellona','FER-117');
INSERT INTO "volo" (idVolo,data,cittaPart,cittaArr,tipoAereo) VALUES (133,'28/10/2012','Amburgo','Siviglia','TZC-916');
INSERT INTO "volo" (idVolo,data,cittaPart,cittaArr,tipoAereo) VALUES (134,'06/08/2014','Valencia','Roma','ULC-228');
INSERT INTO "volo" (idVolo,data,cittaPart,cittaArr,tipoAereo) VALUES (135,'09/04/2013','Francoforte','Barcellona','LRN-589');
INSERT INTO "volo" (idVolo,data,cittaPart,cittaArr,tipoAereo) VALUES (136,'28/07/2014','Londra','Napoli','XBC-188');
INSERT INTO "volo" (idVolo,data,cittaPart,cittaArr,tipoAereo) VALUES (137,'25/08/2013','Amburgo','Francoforte','XBC-188');
INSERT INTO "volo" (idVolo,data,cittaPart,cittaArr,tipoAereo) VALUES (138,'15/07/2014','Barcellona','Milano','ORP-730');
INSERT INTO "volo" (idVolo,data,cittaPart,cittaArr,tipoAereo) VALUES (139,'21/05/2013','Valencia','Napoli','VVB-493');
INSERT INTO "volo" (idVolo,data,cittaPart,cittaArr,tipoAereo) VALUES (140,'27/08/2013','Berlino','Siviglia','ZIK-664');
INSERT INTO "volo" (idVolo,data,cittaPart,cittaArr,tipoAereo) VALUES (141,'18/06/2014','Roma','Napoli','JJF-933');
INSERT INTO "volo" (idVolo,data,cittaPart,cittaArr,tipoAereo) VALUES (142,'10/11/2012','Tolosa','Amburgo','JJF-933');
INSERT INTO "volo" (idVolo,data,cittaPart,cittaArr,tipoAereo) VALUES (143,'28/01/2012','Barcellona','Monaco','XUZ-619');
INSERT INTO "volo" (idVolo,data,cittaPart,cittaArr,tipoAereo) VALUES (144,'15/01/2012','Valencia','San Pietroburgo','JVS-175');
INSERT INTO "volo" (idVolo,data,cittaPart,cittaArr,tipoAereo) VALUES (145,'26/01/2014','Varsavia','Londra','DPY-965');
INSERT INTO "volo" (idVolo,data,cittaPart,cittaArr,tipoAereo) VALUES (146,'01/01/2012','Berlino','Amburgo','BAD-103');
INSERT INTO "volo" (idVolo,data,cittaPart,cittaArr,tipoAereo) VALUES (147,'25/10/2012','Valencia','Marsiglia','KDR-597');
INSERT INTO "volo" (idVolo,data,cittaPart,cittaArr,tipoAereo) VALUES (148,'27/04/2014','Lione','Liverpool','KWT-565');
INSERT INTO "volo" (idVolo,data,cittaPart,cittaArr,tipoAereo) VALUES (149,'16/03/2014','Siviglia','Valencia','GDP-963');
INSERT INTO "volo" (idVolo,data,cittaPart,cittaArr,tipoAereo) VALUES (150,'11/02/2014','Mosca','Parigi','HUX-675');
INSERT INTO "volo" (idVolo,data,cittaPart,cittaArr,tipoAereo) VALUES (151,'16/06/2012','Madrid','Francoforte','TEW-884');
INSERT INTO "volo" (idVolo,data,cittaPart,cittaArr,tipoAereo) VALUES (152,'15/11/2013','Berlino','Londra','NML-629');
INSERT INTO "volo" (idVolo,data,cittaPart,cittaArr,tipoAereo) VALUES (153,'28/03/2013','Valencia','Napoli','CQI-395');
INSERT INTO "volo" (idVolo,data,cittaPart,cittaArr,tipoAereo) VALUES (154,'28/12/2012','Barcellona','Tolosa','ZCI-606');
INSERT INTO "volo" (idVolo,data,cittaPart,cittaArr,tipoAereo) VALUES (155,'17/07/2012','Berlino','Amburgo','FBA-022');
INSERT INTO "volo" (idVolo,data,cittaPart,cittaArr,tipoAereo) VALUES (156,'23/11/2013','Valencia','Berlino','TEW-884');
INSERT INTO "volo" (idVolo,data,cittaPart,cittaArr,tipoAereo) VALUES (157,'20/06/2012','Parigi','Londra','OSH-428');
INSERT INTO "volo" (idVolo,data,cittaPart,cittaArr,tipoAereo) VALUES (158,'18/05/2014','San Pietroburgo','Lione','XRR-267');
INSERT INTO "volo" (idVolo,data,cittaPart,cittaArr,tipoAereo) VALUES (159,'24/07/2013','Madrid','Napoli','ZCI-606');
INSERT INTO "volo" (idVolo,data,cittaPart,cittaArr,tipoAereo) VALUES (160,'08/08/2014','San Pietroburgo','Parigi','TZC-916');
INSERT INTO "volo" (idVolo,data,cittaPart,cittaArr,tipoAereo) VALUES (161,'19/05/2014','Parigi','Napoli','WDW-394');
INSERT INTO "volo" (idVolo,data,cittaPart,cittaArr,tipoAereo) VALUES (162,'08/05/2014','Parigi','Madrid','UEM-137');
INSERT INTO "volo" (idVolo,data,cittaPart,cittaArr,tipoAereo) VALUES (163,'19/07/2014','Marsiglia','San Pietroburgo','UGL-293');
INSERT INTO "volo" (idVolo,data,cittaPart,cittaArr,tipoAereo) VALUES (164,'26/06/2012','Tolosa','Mosca','NLY-802');
INSERT INTO "volo" (idVolo,data,cittaPart,cittaArr,tipoAereo) VALUES (165,'28/04/2012','Milano','Parigi','JLX-349');
INSERT INTO "volo" (idVolo,data,cittaPart,cittaArr,tipoAereo) VALUES (166,'25/07/2013','Siviglia','Siviglia','YOW-051');
INSERT INTO "volo" (idVolo,data,cittaPart,cittaArr,tipoAereo) VALUES (167,'09/01/2012','Siviglia','Marsiglia','BDE-255');
INSERT INTO "volo" (idVolo,data,cittaPart,cittaArr,tipoAereo) VALUES (168,'01/11/2012','Madrid','Barcellona','VVB-493');
INSERT INTO "volo" (idVolo,data,cittaPart,cittaArr,tipoAereo) VALUES (169,'25/02/2012','Tolosa','Liverpool','WHJ-489');
INSERT INTO "volo" (idVolo,data,cittaPart,cittaArr,tipoAereo) VALUES (170,'24/12/2012','Madrid','Mosca','WGO-981');
INSERT INTO "volo" (idVolo,data,cittaPart,cittaArr,tipoAereo) VALUES (171,'30/03/2012','Barcellona','Milano','OMH-151');
INSERT INTO "volo" (idVolo,data,cittaPart,cittaArr,tipoAereo) VALUES (172,'21/04/2013','Francoforte','San Pietroburgo','IDW-645');
INSERT INTO "volo" (idVolo,data,cittaPart,cittaArr,tipoAereo) VALUES (173,'28/08/2012','Parigi','Marsiglia','ELK-350');
INSERT INTO "volo" (idVolo,data,cittaPart,cittaArr,tipoAereo) VALUES (174,'02/09/2013','Amburgo','Roma','POV-294');
INSERT INTO "volo" (idVolo,data,cittaPart,cittaArr,tipoAereo) VALUES (175,'11/06/2013','Monaco','Londra','ZWV-443');
INSERT INTO "volo" (idVolo,data,cittaPart,cittaArr,tipoAereo) VALUES (176,'07/08/2012','San Pietroburgo','Amburgo','FER-117');
INSERT INTO "volo" (idVolo,data,cittaPart,cittaArr,tipoAereo) VALUES (177,'02/10/2012','Milano','Barcellona','PMV-365');
INSERT INTO "volo" (idVolo,data,cittaPart,cittaArr,tipoAereo) VALUES (178,'24/03/2012','Lione','Roma','XBC-188');
INSERT INTO "volo" (idVolo,data,cittaPart,cittaArr,tipoAereo) VALUES (179,'06/01/2014','Barcellona','Lione','TNI-733');
INSERT INTO "volo" (idVolo,data,cittaPart,cittaArr,tipoAereo) VALUES (180,'14/11/2014','Mosca','Marsiglia','HIH-829');
INSERT INTO "volo" (idVolo,data,cittaPart,cittaArr,tipoAereo) VALUES (181,'08/11/2013','Tolosa','Varsavia','JIC-352');
INSERT INTO "volo" (idVolo,data,cittaPart,cittaArr,tipoAereo) VALUES (182,'02/09/2014','Lione','Roma','AGI-080');
INSERT INTO "volo" (idVolo,data,cittaPart,cittaArr,tipoAereo) VALUES (183,'19/11/2013','Amburgo','Liverpool','DCQ-863');
INSERT INTO "volo" (idVolo,data,cittaPart,cittaArr,tipoAereo) VALUES (184,'05/01/2012','Napoli','Siviglia','UGL-293');
INSERT INTO "volo" (idVolo,data,cittaPart,cittaArr,tipoAereo) VALUES (185,'10/06/2014','Mosca','Barcellona','RQJ-669');
INSERT INTO "volo" (idVolo,data,cittaPart,cittaArr,tipoAereo) VALUES (186,'15/02/2012','Roma','Barcellona','FER-117');
INSERT INTO "volo" (idVolo,data,cittaPart,cittaArr,tipoAereo) VALUES (187,'10/10/2012','Lione','Amburgo','OMH-151');
INSERT INTO "volo" (idVolo,data,cittaPart,cittaArr,tipoAereo) VALUES (188,'02/08/2012','Napoli','Varsavia','OVM-050');
INSERT INTO "volo" (idVolo,data,cittaPart,cittaArr,tipoAereo) VALUES (189,'18/04/2012','Lione','Parigi','UCI-314');
INSERT INTO "volo" (idVolo,data,cittaPart,cittaArr,tipoAereo) VALUES (190,'09/07/2012','Liverpool','Londra','LSM-557');
INSERT INTO "volo" (idVolo,data,cittaPart,cittaArr,tipoAereo) VALUES (191,'17/12/2013','Roma','Barcellona','GAP-091');
INSERT INTO "volo" (idVolo,data,cittaPart,cittaArr,tipoAereo) VALUES (192,'23/12/2014','Valencia','Amburgo','NML-629');
INSERT INTO "volo" (idVolo,data,cittaPart,cittaArr,tipoAereo) VALUES (193,'05/10/2013','Tolosa','Monaco','NFT-882');
INSERT INTO "volo" (idVolo,data,cittaPart,cittaArr,tipoAereo) VALUES (194,'27/04/2014','Valencia','Parigi','VVB-493');
INSERT INTO "volo" (idVolo,data,cittaPart,cittaArr,tipoAereo) VALUES (195,'09/04/2013','Barcellona','Roma','AGI-080');
INSERT INTO "volo" (idVolo,data,cittaPart,cittaArr,tipoAereo) VALUES (196,'27/04/2013','Madrid','Francoforte','XBC-188');
INSERT INTO "volo" (idVolo,data,cittaPart,cittaArr,tipoAereo) VALUES (197,'04/01/2013','Napoli','San Pietroburgo','AGI-080');
INSERT INTO "volo" (idVolo,data,cittaPart,cittaArr,tipoAereo) VALUES (198,'24/04/2012','Madrid','Amburgo','BAD-103');
INSERT INTO "volo" (idVolo,data,cittaPart,cittaArr,tipoAereo) VALUES (199,'09/12/2012','Tolosa','Mosca','GXV-893');
INSERT INTO "volo" (idVolo,data,cittaPart,cittaArr,tipoAereo) VALUES (200,'25/07/2013','Napoli','Francoforte','EZB-941');
INSERT INTO "volo" (idVolo,data,cittaPart,cittaArr,tipoAereo) VALUES (201,'11/11/2014','Tolosa','Francoforte','MYH-218');
INSERT INTO "volo" (idVolo,data,cittaPart,cittaArr,tipoAereo) VALUES (202,'28/06/2013','Liverpool','Varsavia','JLX-349');
INSERT INTO "volo" (idVolo,data,cittaPart,cittaArr,tipoAereo) VALUES (203,'04/08/2013','Berlino','Valencia','LVS-191');
INSERT INTO "volo" (idVolo,data,cittaPart,cittaArr,tipoAereo) VALUES (204,'29/11/2013','Tolosa','Barcellona','NZP-055');
INSERT INTO "volo" (idVolo,data,cittaPart,cittaArr,tipoAereo) VALUES (205,'22/09/2012','Milano','Valencia','LSM-557');
INSERT INTO "volo" (idVolo,data,cittaPart,cittaArr,tipoAereo) VALUES (206,'24/06/2013','Tolosa','Mosca','URG-551');
INSERT INTO "volo" (idVolo,data,cittaPart,cittaArr,tipoAereo) VALUES (207,'23/03/2014','Francoforte','Siviglia','BUV-455');
INSERT INTO "volo" (idVolo,data,cittaPart,cittaArr,tipoAereo) VALUES (208,'24/08/2013','Marsiglia','Monaco','DPY-965');
INSERT INTO "volo" (idVolo,data,cittaPart,cittaArr,tipoAereo) VALUES (209,'17/11/2014','Liverpool','Francoforte','TZC-916');
INSERT INTO "volo" (idVolo,data,cittaPart,cittaArr,tipoAereo) VALUES (210,'31/10/2013','Barcellona','Lione','UEM-137');
INSERT INTO "volo" (idVolo,data,cittaPart,cittaArr,tipoAereo) VALUES (211,'28/08/2014','Roma','Tolosa','SIN-829');
INSERT INTO "volo" (idVolo,data,cittaPart,cittaArr,tipoAereo) VALUES (212,'05/12/2014','Londra','Tolosa','DCQ-863');
INSERT INTO "volo" (idVolo,data,cittaPart,cittaArr,tipoAereo) VALUES (213,'30/09/2013','Berlino','Napoli','LSM-557');
INSERT INTO "volo" (idVolo,data,cittaPart,cittaArr,tipoAereo) VALUES (214,'09/12/2013','Milano','Londra','XBC-188');
INSERT INTO "volo" (idVolo,data,cittaPart,cittaArr,tipoAereo) VALUES (215,'06/06/2012','Londra','Francoforte','HYW-010');
INSERT INTO "volo" (idVolo,data,cittaPart,cittaArr,tipoAereo) VALUES (216,'12/11/2013','Amburgo','Siviglia','KYJ-408');
INSERT INTO "volo" (idVolo,data,cittaPart,cittaArr,tipoAereo) VALUES (217,'05/08/2012','Napoli','Barcellona','DPY-965');
INSERT INTO "volo" (idVolo,data,cittaPart,cittaArr,tipoAereo) VALUES (218,'07/07/2014','Parigi','Amburgo','NFN-204');
INSERT INTO "volo" (idVolo,data,cittaPart,cittaArr,tipoAereo) VALUES (219,'19/08/2012','Barcellona','Francoforte','UEM-137');
INSERT INTO "volo" (idVolo,data,cittaPart,cittaArr,tipoAereo) VALUES (220,'16/09/2012','Liverpool','San Pietroburgo','YOW-051');
INSERT INTO "volo" (idVolo,data,cittaPart,cittaArr,tipoAereo) VALUES (221,'30/08/2012','Lione','Valencia','AVE-697');
INSERT INTO "volo" (idVolo,data,cittaPart,cittaArr,tipoAereo) VALUES (222,'17/05/2014','Varsavia','Parigi','WNC-806');
INSERT INTO "volo" (idVolo,data,cittaPart,cittaArr,tipoAereo) VALUES (223,'22/05/2012','Varsavia','Madrid','ELK-350');
INSERT INTO "volo" (idVolo,data,cittaPart,cittaArr,tipoAereo) VALUES (224,'03/05/2012','Marsiglia','Monaco','ZFQ-210');
INSERT INTO "volo" (idVolo,data,cittaPart,cittaArr,tipoAereo) VALUES (225,'08/01/2014','Londra','Lione','ZCI-606');
INSERT INTO "volo" (idVolo,data,cittaPart,cittaArr,tipoAereo) VALUES (226,'06/12/2012','Varsavia','Liverpool','AVE-697');
INSERT INTO "volo" (idVolo,data,cittaPart,cittaArr,tipoAereo) VALUES (227,'30/06/2013','Madrid','Varsavia','JIC-352');
INSERT INTO "volo" (idVolo,data,cittaPart,cittaArr,tipoAereo) VALUES (228,'25/10/2012','Napoli','Mosca','LWU-700');
INSERT INTO "volo" (idVolo,data,cittaPart,cittaArr,tipoAereo) VALUES (229,'22/08/2012','Madrid','Roma','SZM-148');
INSERT INTO "volo" (idVolo,data,cittaPart,cittaArr,tipoAereo) VALUES (230,'09/10/2012','Berlino','Milano','ZIK-664');
INSERT INTO "volo" (idVolo,data,cittaPart,cittaArr,tipoAereo) VALUES (231,'15/06/2014','Monaco','Barcellona','JLX-349');
INSERT INTO "volo" (idVolo,data,cittaPart,cittaArr,tipoAereo) VALUES (232,'28/07/2012','Varsavia','Milano','IDW-645');
INSERT INTO "volo" (idVolo,data,cittaPart,cittaArr,tipoAereo) VALUES (233,'17/05/2013','Londra','Valencia','HYW-010');
INSERT INTO "volo" (idVolo,data,cittaPart,cittaArr,tipoAereo) VALUES (234,'21/10/2012','Milano','Roma','TNI-733');
INSERT INTO "volo" (idVolo,data,cittaPart,cittaArr,tipoAereo) VALUES (235,'22/05/2014','Marsiglia','Mosca','DCQ-863');
INSERT INTO "volo" (idVolo,data,cittaPart,cittaArr,tipoAereo) VALUES (236,'11/02/2012','Amburgo','Parigi','TZC-916');
INSERT INTO "volo" (idVolo,data,cittaPart,cittaArr,tipoAereo) VALUES (237,'03/04/2014','Siviglia','Milano','XRR-267');
INSERT INTO "volo" (idVolo,data,cittaPart,cittaArr,tipoAereo) VALUES (238,'19/05/2013','Varsavia','Londra','BAD-103');
INSERT INTO "volo" (idVolo,data,cittaPart,cittaArr,tipoAereo) VALUES (239,'01/02/2013','Parigi','Lione','HUX-675');
INSERT INTO "volo" (idVolo,data,cittaPart,cittaArr,tipoAereo) VALUES (240,'09/06/2012','Lione','Berlino','GDP-963');
INSERT INTO "volo" (idVolo,data,cittaPart,cittaArr,tipoAereo) VALUES (241,'18/04/2014','Parigi','Francoforte','WJN-125');
INSERT INTO "volo" (idVolo,data,cittaPart,cittaArr,tipoAereo) VALUES (242,'16/07/2014','Amburgo','San Pietroburgo','UEM-137');
INSERT INTO "volo" (idVolo,data,cittaPart,cittaArr,tipoAereo) VALUES (243,'14/02/2014','Milano','Varsavia','LWU-700');
INSERT INTO "volo" (idVolo,data,cittaPart,cittaArr,tipoAereo) VALUES (244,'07/11/2014','Marsiglia','Liverpool','TWI-333');
INSERT INTO "volo" (idVolo,data,cittaPart,cittaArr,tipoAereo) VALUES (245,'19/06/2012','Madrid','Varsavia','ELK-350');
INSERT INTO "volo" (idVolo,data,cittaPart,cittaArr,tipoAereo) VALUES (246,'09/07/2013','Mosca','Milano','UCI-314');
INSERT INTO "volo" (idVolo,data,cittaPart,cittaArr,tipoAereo) VALUES (247,'04/12/2013','Amburgo','Parigi','DPY-965');
INSERT INTO "volo" (idVolo,data,cittaPart,cittaArr,tipoAereo) VALUES (248,'29/03/2014','Varsavia','Tolosa','FBA-022');
INSERT INTO "volo" (idVolo,data,cittaPart,cittaArr,tipoAereo) VALUES (249,'18/01/2012','Siviglia','Siviglia','KDB-485');
INSERT INTO "volo" (idVolo,data,cittaPart,cittaArr,tipoAereo) VALUES (250,'11/12/2012','Liverpool','Valencia','QLH-005');
INSERT INTO "volo" (idVolo,data,cittaPart,cittaArr,tipoAereo) VALUES (251,'04/08/2013','Roma','Lione','URG-551');
INSERT INTO "volo" (idVolo,data,cittaPart,cittaArr,tipoAereo) VALUES (252,'15/01/2013','Amburgo','Parigi','ZIK-664');
INSERT INTO "volo" (idVolo,data,cittaPart,cittaArr,tipoAereo) VALUES (253,'13/10/2012','Marsiglia','Napoli','CQE-622');
INSERT INTO "volo" (idVolo,data,cittaPart,cittaArr,tipoAereo) VALUES (254,'05/06/2014','Marsiglia','Napoli','YOW-051');
INSERT INTO "volo" (idVolo,data,cittaPart,cittaArr,tipoAereo) VALUES (255,'06/05/2014','San Pietroburgo','Varsavia','VHS-521');
INSERT INTO "volo" (idVolo,data,cittaPart,cittaArr,tipoAereo) VALUES (256,'20/12/2013','Liverpool','Tolosa','XRR-267');
INSERT INTO "volo" (idVolo,data,cittaPart,cittaArr,tipoAereo) VALUES (257,'16/12/2014','Napoli','Valencia','GAP-091');
INSERT INTO "volo" (idVolo,data,cittaPart,cittaArr,tipoAereo) VALUES (258,'29/05/2012','Parigi','Amburgo','BUV-455');
INSERT INTO "volo" (idVolo,data,cittaPart,cittaArr,tipoAereo) VALUES (259,'17/05/2012','Francoforte','Milano','NUT-046');
INSERT INTO "volo" (idVolo,data,cittaPart,cittaArr,tipoAereo) VALUES (260,'10/10/2012','Parigi','Parigi','DPY-965');
INSERT INTO "volo" (idVolo,data,cittaPart,cittaArr,tipoAereo) VALUES (261,'28/06/2012','Parigi','Roma','AGI-080');
INSERT INTO "volo" (idVolo,data,cittaPart,cittaArr,tipoAereo) VALUES (262,'06/06/2014','Tolosa','Napoli','BDE-255');
INSERT INTO "volo" (idVolo,data,cittaPart,cittaArr,tipoAereo) VALUES (263,'21/07/2014','Barcellona','Barcellona','XBC-188');
INSERT INTO "volo" (idVolo,data,cittaPart,cittaArr,tipoAereo) VALUES (264,'04/04/2012','Mosca','Londra','XUZ-619');
INSERT INTO "volo" (idVolo,data,cittaPart,cittaArr,tipoAereo) VALUES (265,'18/03/2013','Milano','Parigi','ZFQ-210');
INSERT INTO "volo" (idVolo,data,cittaPart,cittaArr,tipoAereo) VALUES (266,'15/07/2012','Siviglia','Londra','LEO-089');
INSERT INTO "volo" (idVolo,data,cittaPart,cittaArr,tipoAereo) VALUES (267,'29/08/2013','Tolosa','Barcellona','SGC-374');
INSERT INTO "volo" (idVolo,data,cittaPart,cittaArr,tipoAereo) VALUES (268,'12/06/2012','Londra','Marsiglia','NFN-204');
INSERT INTO "volo" (idVolo,data,cittaPart,cittaArr,tipoAereo) VALUES (269,'31/01/2013','Siviglia','Mosca','OSH-428');
INSERT INTO "volo" (idVolo,data,cittaPart,cittaArr,tipoAereo) VALUES (270,'28/09/2012','Londra','Mosca','LEO-089');
INSERT INTO "volo" (idVolo,data,cittaPart,cittaArr,tipoAereo) VALUES (271,'20/03/2014','San Pietroburgo','Marsiglia','ELK-350');
INSERT INTO "volo" (idVolo,data,cittaPart,cittaArr,tipoAereo) VALUES (272,'31/05/2012','Berlino','Tolosa','GMD-033');
INSERT INTO "volo" (idVolo,data,cittaPart,cittaArr,tipoAereo) VALUES (273,'31/01/2014','Mosca','Monaco','HYW-010');
INSERT INTO "volo" (idVolo,data,cittaPart,cittaArr,tipoAereo) VALUES (274,'08/11/2012','Barcellona','Liverpool','UGL-293');
INSERT INTO "volo" (idVolo,data,cittaPart,cittaArr,tipoAereo) VALUES (275,'22/05/2013','Berlino','Barcellona','TZC-916');
INSERT INTO "volo" (idVolo,data,cittaPart,cittaArr,tipoAereo) VALUES (276,'20/08/2012','Milano','Parigi','LSM-557');
INSERT INTO "volo" (idVolo,data,cittaPart,cittaArr,tipoAereo) VALUES (277,'10/07/2014','Tolosa','Monaco','RQJ-669');
INSERT INTO "volo" (idVolo,data,cittaPart,cittaArr,tipoAereo) VALUES (278,'02/03/2014','Liverpool','Madrid','QXX-676');
INSERT INTO "volo" (idVolo,data,cittaPart,cittaArr,tipoAereo) VALUES (279,'30/03/2012','Francoforte','San Pietroburgo','GDP-963');
INSERT INTO "volo" (idVolo,data,cittaPart,cittaArr,tipoAereo) VALUES (280,'28/01/2014','Roma','Napoli','AGI-080');
INSERT INTO "volo" (idVolo,data,cittaPart,cittaArr,tipoAereo) VALUES (281,'18/11/2013','Amburgo','Londra','BDE-255');
INSERT INTO "volo" (idVolo,data,cittaPart,cittaArr,tipoAereo) VALUES (282,'26/10/2014','Tolosa','Barcellona','LRN-589');
INSERT INTO "volo" (idVolo,data,cittaPart,cittaArr,tipoAereo) VALUES (283,'29/11/2014','Lione','Barcellona','KPY-010');
INSERT INTO "volo" (idVolo,data,cittaPart,cittaArr,tipoAereo) VALUES (284,'02/06/2012','Parigi','Mosca','KWT-565');
INSERT INTO "volo" (idVolo,data,cittaPart,cittaArr,tipoAereo) VALUES (285,'06/12/2013','Roma','Mosca','FBA-022');
INSERT INTO "volo" (idVolo,data,cittaPart,cittaArr,tipoAereo) VALUES (286,'20/05/2012','Parigi','Francoforte','XUZ-619');
INSERT INTO "volo" (idVolo,data,cittaPart,cittaArr,tipoAereo) VALUES (287,'25/08/2012','Mosca','Parigi','SIN-829');
INSERT INTO "volo" (idVolo,data,cittaPart,cittaArr,tipoAereo) VALUES (288,'06/03/2013','Amburgo','Marsiglia','KDH-744');
INSERT INTO "volo" (idVolo,data,cittaPart,cittaArr,tipoAereo) VALUES (289,'05/12/2014','Monaco','Francoforte','DPY-965');
INSERT INTO "volo" (idVolo,data,cittaPart,cittaArr,tipoAereo) VALUES (290,'24/02/2014','Barcellona','Monaco','KYJ-408');
INSERT INTO "volo" (idVolo,data,cittaPart,cittaArr,tipoAereo) VALUES (291,'01/02/2012','Amburgo','Amburgo','BAD-103');
INSERT INTO "volo" (idVolo,data,cittaPart,cittaArr,tipoAereo) VALUES (292,'19/02/2013','Tolosa','Monaco','VSH-796');
INSERT INTO "volo" (idVolo,data,cittaPart,cittaArr,tipoAereo) VALUES (293,'11/01/2014','Mosca','Barcellona','OVM-050');
INSERT INTO "volo" (idVolo,data,cittaPart,cittaArr,tipoAereo) VALUES (294,'06/09/2014','Tolosa','Marsiglia','VHS-521');
INSERT INTO "volo" (idVolo,data,cittaPart,cittaArr,tipoAereo) VALUES (295,'25/02/2012','Barcellona','Berlino','OMH-151');
INSERT INTO "volo" (idVolo,data,cittaPart,cittaArr,tipoAereo) VALUES (296,'18/11/2014','Parigi','Siviglia','DPY-965');
INSERT INTO "volo" (idVolo,data,cittaPart,cittaArr,tipoAereo) VALUES (297,'27/01/2013','Mosca','Lione','GXV-893');
INSERT INTO "volo" (idVolo,data,cittaPart,cittaArr,tipoAereo) VALUES (298,'19/10/2013','Tolosa','Francoforte','NZP-055');
INSERT INTO "volo" (idVolo,data,cittaPart,cittaArr,tipoAereo) VALUES (299,'20/06/2012','Francoforte','Marsiglia','QLH-005');
INSERT INTO "volo" (idVolo,data,cittaPart,cittaArr,tipoAereo) VALUES (300,'29/11/2012','Francoforte','Londra','XUZ-619');
INSERT INTO "volo" (idVolo,data,cittaPart,cittaArr,tipoAereo) VALUES (301,'15/06/2012','Amburgo','Liverpool','LFD-789');
INSERT INTO "volo" (idVolo,data,cittaPart,cittaArr,tipoAereo) VALUES (302,'04/03/2012','Valencia','Valencia','IDW-645');
INSERT INTO "volo" (idVolo,data,cittaPart,cittaArr,tipoAereo) VALUES (303,'03/11/2013','Amburgo','Francoforte','GXV-893');
INSERT INTO "volo" (idVolo,data,cittaPart,cittaArr,tipoAereo) VALUES (304,'16/04/2014','Marsiglia','San Pietroburgo','ZIK-664');
INSERT INTO "volo" (idVolo,data,cittaPart,cittaArr,tipoAereo) VALUES (305,'11/07/2013','Napoli','Roma','VVB-493');
INSERT INTO "volo" (idVolo,data,cittaPart,cittaArr,tipoAereo) VALUES (306,'16/12/2013','Siviglia','Amburgo','FVN-798');
INSERT INTO "volo" (idVolo,data,cittaPart,cittaArr,tipoAereo) VALUES (307,'28/10/2014','Monaco','Lione','IFT-117');
INSERT INTO "volo" (idVolo,data,cittaPart,cittaArr,tipoAereo) VALUES (308,'26/04/2012','Roma','Berlino','NUT-046');
INSERT INTO "volo" (idVolo,data,cittaPart,cittaArr,tipoAereo) VALUES (309,'26/03/2012','Barcellona','Marsiglia','VVB-493');
INSERT INTO "volo" (idVolo,data,cittaPart,cittaArr,tipoAereo) VALUES (310,'12/02/2014','Liverpool','Tolosa','IFT-117');
INSERT INTO "volo" (idVolo,data,cittaPart,cittaArr,tipoAereo) VALUES (311,'10/04/2013','Francoforte','Marsiglia','ZWV-443');
INSERT INTO "volo" (idVolo,data,cittaPart,cittaArr,tipoAereo) VALUES (312,'16/06/2012','Valencia','Francoforte','HUX-675');
INSERT INTO "volo" (idVolo,data,cittaPart,cittaArr,tipoAereo) VALUES (313,'08/12/2014','Tolosa','Roma','NML-629');
INSERT INTO "volo" (idVolo,data,cittaPart,cittaArr,tipoAereo) VALUES (314,'24/03/2013','Mosca','Valencia','OWM-612');
INSERT INTO "volo" (idVolo,data,cittaPart,cittaArr,tipoAereo) VALUES (315,'09/06/2013','Amburgo','Amburgo','WNC-806');
INSERT INTO "volo" (idVolo,data,cittaPart,cittaArr,tipoAereo) VALUES (316,'23/04/2014','Parigi','Lione','TEW-884');
INSERT INTO "volo" (idVolo,data,cittaPart,cittaArr,tipoAereo) VALUES (317,'30/01/2013','Varsavia','Siviglia','SDX-605');
INSERT INTO "volo" (idVolo,data,cittaPart,cittaArr,tipoAereo) VALUES (318,'23/07/2013','Liverpool','Lione','AVE-697');
INSERT INTO "volo" (idVolo,data,cittaPart,cittaArr,tipoAereo) VALUES (319,'23/06/2012','Londra','Milano','SIN-829');
INSERT INTO "volo" (idVolo,data,cittaPart,cittaArr,tipoAereo) VALUES (320,'28/03/2013','Napoli','Amburgo','VHS-521');
INSERT INTO "volo" (idVolo,data,cittaPart,cittaArr,tipoAereo) VALUES (321,'05/01/2014','Tolosa','Barcellona','CSY-690');
INSERT INTO "volo" (idVolo,data,cittaPart,cittaArr,tipoAereo) VALUES (322,'08/09/2014','Siviglia','San Pietroburgo','NUT-046');
INSERT INTO "volo" (idVolo,data,cittaPart,cittaArr,tipoAereo) VALUES (323,'23/02/2013','Londra','Liverpool','EZB-941');
INSERT INTO "volo" (idVolo,data,cittaPart,cittaArr,tipoAereo) VALUES (324,'30/11/2012','Francoforte','Berlino','UEM-137');
INSERT INTO "volo" (idVolo,data,cittaPart,cittaArr,tipoAereo) VALUES (325,'08/09/2013','Parigi','Madrid','GDP-963');
INSERT INTO "volo" (idVolo,data,cittaPart,cittaArr,tipoAereo) VALUES (326,'27/10/2013','Marsiglia','Liverpool','EZB-941');
INSERT INTO "volo" (idVolo,data,cittaPart,cittaArr,tipoAereo) VALUES (327,'30/07/2014','Barcellona','Amburgo','KDR-597');
INSERT INTO "volo" (idVolo,data,cittaPart,cittaArr,tipoAereo) VALUES (328,'22/06/2013','Milano','Lione','NFN-204');
INSERT INTO "volo" (idVolo,data,cittaPart,cittaArr,tipoAereo) VALUES (329,'26/10/2012','Tolosa','Roma','WGO-981');
INSERT INTO "volo" (idVolo,data,cittaPart,cittaArr,tipoAereo) VALUES (330,'10/05/2013','Madrid','Milano','URG-551');
INSERT INTO "volo" (idVolo,data,cittaPart,cittaArr,tipoAereo) VALUES (331,'11/11/2013','Roma','San Pietroburgo','NDC-733');
INSERT INTO "volo" (idVolo,data,cittaPart,cittaArr,tipoAereo) VALUES (332,'20/05/2013','Londra','Mosca','ZCI-606');
INSERT INTO "volo" (idVolo,data,cittaPart,cittaArr,tipoAereo) VALUES (333,'18/07/2014','Monaco','Roma','AGI-080');
INSERT INTO "volo" (idVolo,data,cittaPart,cittaArr,tipoAereo) VALUES (334,'20/06/2014','Monaco','Amburgo','JZI-296');
INSERT INTO "volo" (idVolo,data,cittaPart,cittaArr,tipoAereo) VALUES (335,'07/09/2014','Tolosa','Milano','BDE-255');
INSERT INTO "volo" (idVolo,data,cittaPart,cittaArr,tipoAereo) VALUES (336,'26/06/2012','Varsavia','Tolosa','FVN-798');
INSERT INTO "volo" (idVolo,data,cittaPart,cittaArr,tipoAereo) VALUES (337,'04/06/2012','Tolosa','Berlino','AVE-697');
INSERT INTO "volo" (idVolo,data,cittaPart,cittaArr,tipoAereo) VALUES (338,'27/06/2012','Monaco','Amburgo','QLH-005');
INSERT INTO "volo" (idVolo,data,cittaPart,cittaArr,tipoAereo) VALUES (339,'29/03/2013','Liverpool','Parigi','PMV-365');
INSERT INTO "volo" (idVolo,data,cittaPart,cittaArr,tipoAereo) VALUES (340,'16/10/2014','Tolosa','Tolosa','LVS-191');
INSERT INTO "volo" (idVolo,data,cittaPart,cittaArr,tipoAereo) VALUES (341,'22/11/2012','Marsiglia','Marsiglia','NFT-882');
INSERT INTO "volo" (idVolo,data,cittaPart,cittaArr,tipoAereo) VALUES (342,'27/08/2013','Madrid','Lione','ZIK-664');
INSERT INTO "volo" (idVolo,data,cittaPart,cittaArr,tipoAereo) VALUES (343,'20/07/2014','Parigi','Lione','RVY-803');
INSERT INTO "volo" (idVolo,data,cittaPart,cittaArr,tipoAereo) VALUES (344,'25/01/2012','Varsavia','Londra','ZFQ-210');
INSERT INTO "volo" (idVolo,data,cittaPart,cittaArr,tipoAereo) VALUES (345,'05/03/2014','Milano','Parigi','HYW-010');
INSERT INTO "volo" (idVolo,data,cittaPart,cittaArr,tipoAereo) VALUES (346,'28/05/2014','San Pietroburgo','Marsiglia','DCQ-863');
INSERT INTO "volo" (idVolo,data,cittaPart,cittaArr,tipoAereo) VALUES (347,'27/07/2013','Parigi','Roma','ZCI-606');
INSERT INTO "volo" (idVolo,data,cittaPart,cittaArr,tipoAereo) VALUES (348,'25/11/2014','Tolosa','Berlino','TNI-733');
INSERT INTO "volo" (idVolo,data,cittaPart,cittaArr,tipoAereo) VALUES (349,'16/10/2014','Londra','Amburgo','NZP-055');
INSERT INTO "volo" (idVolo,data,cittaPart,cittaArr,tipoAereo) VALUES (350,'21/10/2013','Monaco','Napoli','RQJ-669');
INSERT INTO "volo" (idVolo,data,cittaPart,cittaArr,tipoAereo) VALUES (351,'07/01/2012','Marsiglia','Berlino','ZCI-606');
INSERT INTO "volo" (idVolo,data,cittaPart,cittaArr,tipoAereo) VALUES (352,'18/06/2012','Tolosa','Roma','TWI-333');
INSERT INTO "volo" (idVolo,data,cittaPart,cittaArr,tipoAereo) VALUES (353,'23/03/2013','Berlino','Siviglia','KPY-010');
INSERT INTO "volo" (idVolo,data,cittaPart,cittaArr,tipoAereo) VALUES (354,'01/02/2012','Milano','Barcellona','NUT-046');
INSERT INTO "volo" (idVolo,data,cittaPart,cittaArr,tipoAereo) VALUES (355,'09/06/2014','Barcellona','Tolosa','VVB-493');
INSERT INTO "volo" (idVolo,data,cittaPart,cittaArr,tipoAereo) VALUES (356,'19/03/2014','San Pietroburgo','Roma','TZC-916');
INSERT INTO "volo" (idVolo,data,cittaPart,cittaArr,tipoAereo) VALUES (357,'14/12/2013','Berlino','Siviglia','WVA-959');
INSERT INTO "volo" (idVolo,data,cittaPart,cittaArr,tipoAereo) VALUES (358,'21/12/2014','Francoforte','Roma','OVM-050');
INSERT INTO "volo" (idVolo,data,cittaPart,cittaArr,tipoAereo) VALUES (359,'10/05/2013','Milano','Berlino','JZI-296');
INSERT INTO "volo" (idVolo,data,cittaPart,cittaArr,tipoAereo) VALUES (360,'10/06/2014','Tolosa','Milano','VHF-428');
INSERT INTO "volo" (idVolo,data,cittaPart,cittaArr,tipoAereo) VALUES (361,'23/11/2014','Mosca','Parigi','WHJ-489');
INSERT INTO "volo" (idVolo,data,cittaPart,cittaArr,tipoAereo) VALUES (362,'08/10/2013','Francoforte','Varsavia','WDW-394');
INSERT INTO "volo" (idVolo,data,cittaPart,cittaArr,tipoAereo) VALUES (363,'20/01/2012','Valencia','Madrid','ZCI-606');
INSERT INTO "volo" (idVolo,data,cittaPart,cittaArr,tipoAereo) VALUES (364,'17/09/2012','Berlino','Londra','AGI-080');
INSERT INTO "volo" (idVolo,data,cittaPart,cittaArr,tipoAereo) VALUES (365,'20/02/2013','Francoforte','Francoforte','BAD-103');
INSERT INTO "volo" (idVolo,data,cittaPart,cittaArr,tipoAereo) VALUES (366,'15/07/2012','Londra','Marsiglia','IDW-645');
INSERT INTO "volo" (idVolo,data,cittaPart,cittaArr,tipoAereo) VALUES (367,'09/06/2013','Napoli','San Pietroburgo','XBC-188');
INSERT INTO "volo" (idVolo,data,cittaPart,cittaArr,tipoAereo) VALUES (368,'11/07/2013','Lione','Barcellona','LSM-557');
INSERT INTO "volo" (idVolo,data,cittaPart,cittaArr,tipoAereo) VALUES (369,'08/04/2014','Roma','Madrid','WDW-394');
INSERT INTO "volo" (idVolo,data,cittaPart,cittaArr,tipoAereo) VALUES (370,'24/02/2012','Monaco','Barcellona','BUV-455');
INSERT INTO "volo" (idVolo,data,cittaPart,cittaArr,tipoAereo) VALUES (371,'04/09/2014','Parigi','Liverpool','NLY-802');
INSERT INTO "volo" (idVolo,data,cittaPart,cittaArr,tipoAereo) VALUES (372,'29/04/2012','Tolosa','Liverpool','AGI-080');
INSERT INTO "volo" (idVolo,data,cittaPart,cittaArr,tipoAereo) VALUES (373,'13/03/2013','Milano','Tolosa','WNC-806');
INSERT INTO "volo" (idVolo,data,cittaPart,cittaArr,tipoAereo) VALUES (374,'09/07/2012','Lione','Milano','EZB-941');
INSERT INTO "volo" (idVolo,data,cittaPart,cittaArr,tipoAereo) VALUES (375,'27/12/2014','Monaco','Lione','UJI-531');
INSERT INTO "volo" (idVolo,data,cittaPart,cittaArr,tipoAereo) VALUES (376,'15/07/2013','Mosca','Berlino','ELK-350');
INSERT INTO "volo" (idVolo,data,cittaPart,cittaArr,tipoAereo) VALUES (377,'04/10/2012','Milano','Barcellona','JLX-349');
INSERT INTO "volo" (idVolo,data,cittaPart,cittaArr,tipoAereo) VALUES (378,'13/02/2012','Berlino','Varsavia','PMV-365');
INSERT INTO "volo" (idVolo,data,cittaPart,cittaArr,tipoAereo) VALUES (379,'27/03/2014','Marsiglia','San Pietroburgo','DPY-965');
INSERT INTO "volo" (idVolo,data,cittaPart,cittaArr,tipoAereo) VALUES (380,'22/11/2012','Milano','Barcellona','NUT-046');
INSERT INTO "volo" (idVolo,data,cittaPart,cittaArr,tipoAereo) VALUES (381,'15/01/2013','Monaco','Tolosa','TWI-333');
INSERT INTO "volo" (idVolo,data,cittaPart,cittaArr,tipoAereo) VALUES (382,'23/01/2012','San Pietroburgo','Mosca','KDR-597');
INSERT INTO "volo" (idVolo,data,cittaPart,cittaArr,tipoAereo) VALUES (383,'19/12/2012','Siviglia','Napoli','DPY-965');
INSERT INTO "volo" (idVolo,data,cittaPart,cittaArr,tipoAereo) VALUES (384,'05/10/2014','Mosca','Tolosa','SDX-605');
INSERT INTO "volo" (idVolo,data,cittaPart,cittaArr,tipoAereo) VALUES (385,'12/01/2012','Marsiglia','San Pietroburgo','ZFQ-210');
INSERT INTO "volo" (idVolo,data,cittaPart,cittaArr,tipoAereo) VALUES (386,'12/02/2014','Valencia','Londra','VHF-428');
INSERT INTO "volo" (idVolo,data,cittaPart,cittaArr,tipoAereo) VALUES (387,'27/08/2014','Lione','Tolosa','XRR-267');
INSERT INTO "volo" (idVolo,data,cittaPart,cittaArr,tipoAereo) VALUES (388,'26/07/2012','Lione','Barcellona','TEW-884');
INSERT INTO "volo" (idVolo,data,cittaPart,cittaArr,tipoAereo) VALUES (389,'26/02/2012','Monaco','San Pietroburgo','UJI-531');
INSERT INTO "volo" (idVolo,data,cittaPart,cittaArr,tipoAereo) VALUES (390,'14/01/2012','Amburgo','Francoforte','GDP-963');
INSERT INTO "volo" (idVolo,data,cittaPart,cittaArr,tipoAereo) VALUES (391,'24/08/2013','Barcellona','Parigi','HUX-675');
INSERT INTO "volo" (idVolo,data,cittaPart,cittaArr,tipoAereo) VALUES (392,'24/09/2014','Berlino','Valencia','CSY-690');
INSERT INTO "volo" (idVolo,data,cittaPart,cittaArr,tipoAereo) VALUES (393,'04/06/2013','Lione','Madrid','NFN-204');
INSERT INTO "volo" (idVolo,data,cittaPart,cittaArr,tipoAereo) VALUES (394,'07/09/2013','Amburgo','San Pietroburgo','ZCI-606');
INSERT INTO "volo" (idVolo,data,cittaPart,cittaArr,tipoAereo) VALUES (395,'01/07/2013','Valencia','Barcellona','VVB-493');
INSERT INTO "volo" (idVolo,data,cittaPart,cittaArr,tipoAereo) VALUES (396,'20/05/2013','Marsiglia','Madrid','TYB-722');
INSERT INTO "volo" (idVolo,data,cittaPart,cittaArr,tipoAereo) VALUES (397,'15/08/2014','Amburgo','Napoli','CQI-395');
INSERT INTO "volo" (idVolo,data,cittaPart,cittaArr,tipoAereo) VALUES (398,'23/07/2014','Varsavia','Parigi','LRN-589');
INSERT INTO "volo" (idVolo,data,cittaPart,cittaArr,tipoAereo) VALUES (399,'02/05/2013','Berlino','Mosca','LVS-191');
INSERT INTO "volo" (idVolo,data,cittaPart,cittaArr,tipoAereo) VALUES (400,'05/07/2014','Lione','Parigi','WJN-125');
INSERT INTO "volo" (idVolo,data,cittaPart,cittaArr,tipoAereo) VALUES (401,'25/08/2014','Amburgo','Berlino','BUV-455');
INSERT INTO "volo" (idVolo,data,cittaPart,cittaArr,tipoAereo) VALUES (402,'11/05/2014','Roma','Barcellona','WJN-125');
INSERT INTO "volo" (idVolo,data,cittaPart,cittaArr,tipoAereo) VALUES (403,'15/02/2014','Lione','Varsavia','UGL-293');
INSERT INTO "volo" (idVolo,data,cittaPart,cittaArr,tipoAereo) VALUES (404,'29/07/2014','Napoli','Amburgo','BDE-255');
INSERT INTO "volo" (idVolo,data,cittaPart,cittaArr,tipoAereo) VALUES (405,'05/06/2012','Milano','Francoforte','OWM-612');
INSERT INTO "volo" (idVolo,data,cittaPart,cittaArr,tipoAereo) VALUES (406,'30/01/2013','Francoforte','Valencia','AGI-080');
INSERT INTO "volo" (idVolo,data,cittaPart,cittaArr,tipoAereo) VALUES (407,'26/10/2014','Mosca','Berlino','LSM-557');
INSERT INTO "volo" (idVolo,data,cittaPart,cittaArr,tipoAereo) VALUES (408,'22/04/2014','Londra','Varsavia','VNC-518');
INSERT INTO "volo" (idVolo,data,cittaPart,cittaArr,tipoAereo) VALUES (409,'12/09/2013','Napoli','Siviglia','OVM-050');
INSERT INTO "volo" (idVolo,data,cittaPart,cittaArr,tipoAereo) VALUES (410,'25/07/2014','Amburgo','Liverpool','NFN-204');
INSERT INTO "volo" (idVolo,data,cittaPart,cittaArr,tipoAereo) VALUES (411,'14/09/2014','Francoforte','Marsiglia','UJI-531');
INSERT INTO "volo" (idVolo,data,cittaPart,cittaArr,tipoAereo) VALUES (412,'27/03/2012','Barcellona','Berlino','HMP-860');
INSERT INTO "volo" (idVolo,data,cittaPart,cittaArr,tipoAereo) VALUES (413,'26/12/2012','Barcellona','Mosca','ULC-228');
INSERT INTO "volo" (idVolo,data,cittaPart,cittaArr,tipoAereo) VALUES (414,'11/11/2013','Londra','Milano','JJF-933');
INSERT INTO "volo" (idVolo,data,cittaPart,cittaArr,tipoAereo) VALUES (415,'11/07/2013','Marsiglia','Francoforte','WVA-959');
INSERT INTO "volo" (idVolo,data,cittaPart,cittaArr,tipoAereo) VALUES (416,'03/08/2013','Lione','Varsavia','OMH-151');
INSERT INTO "volo" (idVolo,data,cittaPart,cittaArr,tipoAereo) VALUES (417,'01/04/2012','Monaco','Parigi','NDC-733');
INSERT INTO "volo" (idVolo,data,cittaPart,cittaArr,tipoAereo) VALUES (418,'23/08/2012','Milano','Barcellona','EZB-941');
INSERT INTO "volo" (idVolo,data,cittaPart,cittaArr,tipoAereo) VALUES (419,'01/10/2014','Monaco','Tolosa','NDC-733');
INSERT INTO "volo" (idVolo,data,cittaPart,cittaArr,tipoAereo) VALUES (420,'25/03/2014','Londra','Valencia','AGI-080');
INSERT INTO "volo" (idVolo,data,cittaPart,cittaArr,tipoAereo) VALUES (421,'13/11/2013','Valencia','Siviglia','CQI-395');
INSERT INTO "volo" (idVolo,data,cittaPart,cittaArr,tipoAereo) VALUES (422,'11/02/2013','Londra','Parigi','NFN-204');
INSERT INTO "volo" (idVolo,data,cittaPart,cittaArr,tipoAereo) VALUES (423,'05/01/2012','Lione','Varsavia','WVA-959');
INSERT INTO "volo" (idVolo,data,cittaPart,cittaArr,tipoAereo) VALUES (424,'09/01/2014','San Pietroburgo','Roma','NML-629');
INSERT INTO "volo" (idVolo,data,cittaPart,cittaArr,tipoAereo) VALUES (425,'05/12/2013','Siviglia','Napoli','VHF-428');
INSERT INTO "volo" (idVolo,data,cittaPart,cittaArr,tipoAereo) VALUES (426,'30/05/2012','Valencia','Siviglia','WDW-394');
INSERT INTO "volo" (idVolo,data,cittaPart,cittaArr,tipoAereo) VALUES (427,'25/10/2013','Napoli','Marsiglia','ZCI-606');
INSERT INTO "volo" (idVolo,data,cittaPart,cittaArr,tipoAereo) VALUES (428,'20/04/2014','Parigi','Francoforte','TEW-884');
INSERT INTO "volo" (idVolo,data,cittaPart,cittaArr,tipoAereo) VALUES (429,'11/10/2012','Liverpool','Lione','UGL-293');
INSERT INTO "volo" (idVolo,data,cittaPart,cittaArr,tipoAereo) VALUES (430,'08/11/2013','Monaco','Parigi','JJF-933');
INSERT INTO "volo" (idVolo,data,cittaPart,cittaArr,tipoAereo) VALUES (431,'19/05/2012','Madrid','Madrid','DPY-965');
INSERT INTO "volo" (idVolo,data,cittaPart,cittaArr,tipoAereo) VALUES (432,'07/12/2012','Mosca','Siviglia','WNC-806');
INSERT INTO "volo" (idVolo,data,cittaPart,cittaArr,tipoAereo) VALUES (433,'21/02/2012','Berlino','Mosca','JIC-352');
INSERT INTO "volo" (idVolo,data,cittaPart,cittaArr,tipoAereo) VALUES (434,'12/12/2012','Berlino','Varsavia','TEW-884');
INSERT INTO "volo" (idVolo,data,cittaPart,cittaArr,tipoAereo) VALUES (435,'03/11/2013','Siviglia','Lione','URG-551');
INSERT INTO "volo" (idVolo,data,cittaPart,cittaArr,tipoAereo) VALUES (436,'07/04/2014','Lione','San Pietroburgo','UJI-531');
INSERT INTO "volo" (idVolo,data,cittaPart,cittaArr,tipoAereo) VALUES (437,'23/11/2012','Tolosa','Roma','BDE-255');
INSERT INTO "volo" (idVolo,data,cittaPart,cittaArr,tipoAereo) VALUES (438,'03/06/2012','Valencia','Lione','JIC-352');
INSERT INTO "volo" (idVolo,data,cittaPart,cittaArr,tipoAereo) VALUES (439,'11/09/2014','Lione','Roma','ZIK-664');
INSERT INTO "volo" (idVolo,data,cittaPart,cittaArr,tipoAereo) VALUES (440,'31/03/2012','Napoli','Barcellona','URG-551');
INSERT INTO "volo" (idVolo,data,cittaPart,cittaArr,tipoAereo) VALUES (441,'18/03/2013','Valencia','Londra','YOW-051');
INSERT INTO "volo" (idVolo,data,cittaPart,cittaArr,tipoAereo) VALUES (442,'16/02/2014','Liverpool','Milano','CQE-622');
INSERT INTO "volo" (idVolo,data,cittaPart,cittaArr,tipoAereo) VALUES (443,'17/05/2013','Siviglia','Valencia','BDE-255');
INSERT INTO "volo" (idVolo,data,cittaPart,cittaArr,tipoAereo) VALUES (444,'27/08/2014','Lione','Varsavia','PMV-365');
INSERT INTO "volo" (idVolo,data,cittaPart,cittaArr,tipoAereo) VALUES (445,'22/10/2014','Berlino','Mosca','NML-629');
INSERT INTO "volo" (idVolo,data,cittaPart,cittaArr,tipoAereo) VALUES (446,'06/10/2013','Varsavia','Londra','NZP-055');
INSERT INTO "volo" (idVolo,data,cittaPart,cittaArr,tipoAereo) VALUES (447,'02/05/2013','Amburgo','Francoforte','ZIK-664');
INSERT INTO "volo" (idVolo,data,cittaPart,cittaArr,tipoAereo) VALUES (448,'09/01/2012','Roma','Lione','TNI-733');
INSERT INTO "volo" (idVolo,data,cittaPart,cittaArr,tipoAereo) VALUES (449,'11/02/2013','Roma','Barcellona','NFN-204');
INSERT INTO "volo" (idVolo,data,cittaPart,cittaArr,tipoAereo) VALUES (450,'24/07/2014','Marsiglia','Amburgo','VSH-796');
INSERT INTO "volo" (idVolo,data,cittaPart,cittaArr,tipoAereo) VALUES (451,'07/04/2013','Napoli','Parigi','ELK-350');
INSERT INTO "volo" (idVolo,data,cittaPart,cittaArr,tipoAereo) VALUES (452,'03/04/2014','Tolosa','Valencia','KDB-485');
INSERT INTO "volo" (idVolo,data,cittaPart,cittaArr,tipoAereo) VALUES (453,'30/11/2013','Madrid','Tolosa','FER-117');
INSERT INTO "volo" (idVolo,data,cittaPart,cittaArr,tipoAereo) VALUES (454,'21/01/2012','Milano','Marsiglia','VHF-428');
INSERT INTO "volo" (idVolo,data,cittaPart,cittaArr,tipoAereo) VALUES (455,'07/05/2014','Roma','Liverpool','FBA-022');
INSERT INTO "volo" (idVolo,data,cittaPart,cittaArr,tipoAereo) VALUES (456,'18/12/2014','Barcellona','Siviglia','SIN-829');
INSERT INTO "volo" (idVolo,data,cittaPart,cittaArr,tipoAereo) VALUES (457,'10/06/2013','Milano','Milano','ZCI-606');
INSERT INTO "volo" (idVolo,data,cittaPart,cittaArr,tipoAereo) VALUES (458,'07/02/2013','Varsavia','Varsavia','HIH-829');
INSERT INTO "volo" (idVolo,data,cittaPart,cittaArr,tipoAereo) VALUES (459,'08/02/2014','Siviglia','Napoli','ZWV-443');
INSERT INTO "volo" (idVolo,data,cittaPart,cittaArr,tipoAereo) VALUES (460,'05/02/2013','Lione','Mosca','BXZ-552');
INSERT INTO "volo" (idVolo,data,cittaPart,cittaArr,tipoAereo) VALUES (461,'10/10/2012','Amburgo','Varsavia','MYH-218');
INSERT INTO "volo" (idVolo,data,cittaPart,cittaArr,tipoAereo) VALUES (462,'23/06/2012','Valencia','Liverpool','RVY-803');
INSERT INTO "volo" (idVolo,data,cittaPart,cittaArr,tipoAereo) VALUES (463,'31/10/2014','Valencia','Barcellona','IDW-645');
INSERT INTO "volo" (idVolo,data,cittaPart,cittaArr,tipoAereo) VALUES (464,'22/12/2013','Roma','Milano','LRN-589');
INSERT INTO "volo" (idVolo,data,cittaPart,cittaArr,tipoAereo) VALUES (465,'29/12/2012','Francoforte','Monaco','DJG-283');
INSERT INTO "volo" (idVolo,data,cittaPart,cittaArr,tipoAereo) VALUES (466,'23/04/2014','Amburgo','Berlino','ULC-228');
INSERT INTO "volo" (idVolo,data,cittaPart,cittaArr,tipoAereo) VALUES (467,'04/12/2012','Varsavia','Liverpool','NFN-204');
INSERT INTO "volo" (idVolo,data,cittaPart,cittaArr,tipoAereo) VALUES (468,'15/08/2013','Liverpool','Valencia','ZFQ-210');
INSERT INTO "volo" (idVolo,data,cittaPart,cittaArr,tipoAereo) VALUES (469,'25/02/2013','Valencia','Parigi','OWM-612');
INSERT INTO "volo" (idVolo,data,cittaPart,cittaArr,tipoAereo) VALUES (470,'24/11/2012','Mosca','Parigi','CQI-395');
INSERT INTO "volo" (idVolo,data,cittaPart,cittaArr,tipoAereo) VALUES (471,'02/06/2014','Valencia','Lione','SGC-374');
INSERT INTO "volo" (idVolo,data,cittaPart,cittaArr,tipoAereo) VALUES (472,'26/05/2013','Milano','Francoforte','OSH-428');
INSERT INTO "volo" (idVolo,data,cittaPart,cittaArr,tipoAereo) VALUES (473,'11/09/2013','Parigi','San Pietroburgo','VHF-428');
INSERT INTO "volo" (idVolo,data,cittaPart,cittaArr,tipoAereo) VALUES (474,'05/06/2012','Barcellona','Londra','BXZ-552');
INSERT INTO "volo" (idVolo,data,cittaPart,cittaArr,tipoAereo) VALUES (475,'22/04/2013','Francoforte','Milano','BAD-103');
INSERT INTO "volo" (idVolo,data,cittaPart,cittaArr,tipoAereo) VALUES (476,'26/11/2012','Londra','Parigi','SZM-148');
INSERT INTO "volo" (idVolo,data,cittaPart,cittaArr,tipoAereo) VALUES (477,'30/11/2013','Liverpool','Londra','VNC-518');
INSERT INTO "volo" (idVolo,data,cittaPart,cittaArr,tipoAereo) VALUES (478,'09/08/2013','Marsiglia','Liverpool','ORP-730');
INSERT INTO "volo" (idVolo,data,cittaPart,cittaArr,tipoAereo) VALUES (479,'13/08/2012','Mosca','Napoli','NFN-204');
INSERT INTO "volo" (idVolo,data,cittaPart,cittaArr,tipoAereo) VALUES (480,'01/09/2014','Francoforte','Milano','LEO-089');
INSERT INTO "volo" (idVolo,data,cittaPart,cittaArr,tipoAereo) VALUES (481,'12/05/2013','Barcellona','Varsavia','GXV-893');
INSERT INTO "volo" (idVolo,data,cittaPart,cittaArr,tipoAereo) VALUES (482,'29/12/2013','Milano','Roma','DJG-283');
INSERT INTO "volo" (idVolo,data,cittaPart,cittaArr,tipoAereo) VALUES (483,'28/06/2012','Roma','Tolosa','TEW-884');
INSERT INTO "volo" (idVolo,data,cittaPart,cittaArr,tipoAereo) VALUES (484,'15/10/2013','Parigi','Francoforte','KWT-565');
INSERT INTO "volo" (idVolo,data,cittaPart,cittaArr,tipoAereo) VALUES (485,'10/04/2012','Marsiglia','Berlino','BAD-103');
INSERT INTO "volo" (idVolo,data,cittaPart,cittaArr,tipoAereo) VALUES (486,'30/07/2014','Lione','Lione','FUQ-926');
INSERT INTO "volo" (idVolo,data,cittaPart,cittaArr,tipoAereo) VALUES (487,'12/11/2013','Liverpool','Lione','BDE-255');
INSERT INTO "volo" (idVolo,data,cittaPart,cittaArr,tipoAereo) VALUES (488,'11/12/2014','Barcellona','Monaco','SIN-829');
INSERT INTO "volo" (idVolo,data,cittaPart,cittaArr,tipoAereo) VALUES (489,'20/04/2013','Madrid','Roma','CQI-395');
INSERT INTO "volo" (idVolo,data,cittaPart,cittaArr,tipoAereo) VALUES (490,'21/11/2012','Tolosa','Tolosa','AVE-697');
INSERT INTO "volo" (idVolo,data,cittaPart,cittaArr,tipoAereo) VALUES (491,'07/08/2014','Tolosa','San Pietroburgo','NFN-204');
INSERT INTO "volo" (idVolo,data,cittaPart,cittaArr,tipoAereo) VALUES (492,'05/01/2013','Francoforte','Londra','LSM-557');
INSERT INTO "volo" (idVolo,data,cittaPart,cittaArr,tipoAereo) VALUES (493,'14/07/2012','Marsiglia','Siviglia','UGL-293');
INSERT INTO "volo" (idVolo,data,cittaPart,cittaArr,tipoAereo) VALUES (494,'21/05/2012','Varsavia','Lione','OMH-151');
INSERT INTO "volo" (idVolo,data,cittaPart,cittaArr,tipoAereo) VALUES (495,'06/11/2013','Liverpool','Amburgo','BUV-455');
INSERT INTO "volo" (idVolo,data,cittaPart,cittaArr,tipoAereo) VALUES (496,'27/01/2014','Parigi','Liverpool','GAP-091');
INSERT INTO "volo" (idVolo,data,cittaPart,cittaArr,tipoAereo) VALUES (497,'19/10/2013','Lione','Barcellona','CSY-690');
INSERT INTO "volo" (idVolo,data,cittaPart,cittaArr,tipoAereo) VALUES (498,'19/03/2014','Mosca','Milano','VSH-796');
INSERT INTO "volo" (idVolo,data,cittaPart,cittaArr,tipoAereo) VALUES (499,'19/12/2012','Berlino','Milano','DJG-283');
INSERT INTO "volo" (idVolo,data,cittaPart,cittaArr,tipoAereo) VALUES (500,'22/10/2014','Siviglia','San Pietroburgo','FUQ-926');
INSERT INTO "volo" (idVolo,data,cittaPart,cittaArr,tipoAereo) VALUES (501,'28/09/2012','Berlino','Barcellona','FUQ-926');
INSERT INTO "volo" (idVolo,data,cittaPart,cittaArr,tipoAereo) VALUES (502,'07/09/2012','Varsavia','Londra','JVS-175');
INSERT INTO "volo" (idVolo,data,cittaPart,cittaArr,tipoAereo) VALUES (503,'22/01/2014','Monaco','Marsiglia','IFT-117');
INSERT INTO "volo" (idVolo,data,cittaPart,cittaArr,tipoAereo) VALUES (504,'12/08/2012','Londra','Tolosa','VNC-518');
INSERT INTO "volo" (idVolo,data,cittaPart,cittaArr,tipoAereo) VALUES (505,'18/07/2012','Monaco','Berlino','KPY-010');
INSERT INTO "volo" (idVolo,data,cittaPart,cittaArr,tipoAereo) VALUES (506,'05/11/2012','Londra','Liverpool','HYW-010');
INSERT INTO "volo" (idVolo,data,cittaPart,cittaArr,tipoAereo) VALUES (507,'20/12/2012','Mosca','Lione','UCI-314');
INSERT INTO "volo" (idVolo,data,cittaPart,cittaArr,tipoAereo) VALUES (508,'26/08/2013','Napoli','Milano','URG-551');
INSERT INTO "volo" (idVolo,data,cittaPart,cittaArr,tipoAereo) VALUES (509,'28/01/2013','Milano','Varsavia','JZI-296');
INSERT INTO "volo" (idVolo,data,cittaPart,cittaArr,tipoAereo) VALUES (510,'05/02/2012','Parigi','Valencia','NQK-711');
INSERT INTO "volo" (idVolo,data,cittaPart,cittaArr,tipoAereo) VALUES (511,'26/11/2012','Roma','Tolosa','RVY-803');
INSERT INTO "volo" (idVolo,data,cittaPart,cittaArr,tipoAereo) VALUES (512,'09/12/2012','Milano','Londra','JIC-352');
INSERT INTO "volo" (idVolo,data,cittaPart,cittaArr,tipoAereo) VALUES (513,'27/12/2012','Siviglia','San Pietroburgo','NML-629');
INSERT INTO "volo" (idVolo,data,cittaPart,cittaArr,tipoAereo) VALUES (514,'01/11/2014','Marsiglia','Monaco','BUV-455');
INSERT INTO "volo" (idVolo,data,cittaPart,cittaArr,tipoAereo) VALUES (515,'27/03/2014','Berlino','Roma','BAD-103');
INSERT INTO "volo" (idVolo,data,cittaPart,cittaArr,tipoAereo) VALUES (516,'24/07/2012','Londra','Napoli','EZB-941');
INSERT INTO "volo" (idVolo,data,cittaPart,cittaArr,tipoAereo) VALUES (517,'10/06/2013','Francoforte','Mosca','DJG-283');
INSERT INTO "volo" (idVolo,data,cittaPart,cittaArr,tipoAereo) VALUES (518,'23/10/2012','Valencia','Roma','BUV-455');
INSERT INTO "volo" (idVolo,data,cittaPart,cittaArr,tipoAereo) VALUES (519,'17/11/2014','Francoforte','Lione','TEW-884');
INSERT INTO "volo" (idVolo,data,cittaPart,cittaArr,tipoAereo) VALUES (520,'01/01/2014','Marsiglia','Londra','JZI-296');
INSERT INTO "volo" (idVolo,data,cittaPart,cittaArr,tipoAereo) VALUES (521,'11/08/2013','Amburgo','Londra','VSH-796');
INSERT INTO "volo" (idVolo,data,cittaPart,cittaArr,tipoAereo) VALUES (522,'05/02/2012','Napoli','Berlino','PMV-365');
INSERT INTO "volo" (idVolo,data,cittaPart,cittaArr,tipoAereo) VALUES (523,'29/12/2013','Marsiglia','Marsiglia','DJG-283');
INSERT INTO "volo" (idVolo,data,cittaPart,cittaArr,tipoAereo) VALUES (524,'01/09/2013','Barcellona','Berlino','XRR-267');
INSERT INTO "volo" (idVolo,data,cittaPart,cittaArr,tipoAereo) VALUES (525,'30/03/2014','Lione','Mosca','BUV-455');
INSERT INTO "volo" (idVolo,data,cittaPart,cittaArr,tipoAereo) VALUES (526,'30/08/2014','Francoforte','Liverpool','QLH-005');
INSERT INTO "volo" (idVolo,data,cittaPart,cittaArr,tipoAereo) VALUES (527,'05/02/2014','San Pietroburgo','Tolosa','WJN-125');
INSERT INTO "volo" (idVolo,data,cittaPart,cittaArr,tipoAereo) VALUES (528,'18/06/2013','Siviglia','Liverpool','WDW-394');
INSERT INTO "volo" (idVolo,data,cittaPart,cittaArr,tipoAereo) VALUES (529,'02/07/2014','Roma','San Pietroburgo','JVS-175');
INSERT INTO "volo" (idVolo,data,cittaPart,cittaArr,tipoAereo) VALUES (530,'02/12/2012','San Pietroburgo','Roma','QLH-005');
INSERT INTO "volo" (idVolo,data,cittaPart,cittaArr,tipoAereo) VALUES (531,'13/05/2013','Amburgo','Marsiglia','LSM-557');
INSERT INTO "volo" (idVolo,data,cittaPart,cittaArr,tipoAereo) VALUES (532,'23/09/2014','Tolosa','Mosca','JZI-296');
INSERT INTO "volo" (idVolo,data,cittaPart,cittaArr,tipoAereo) VALUES (533,'25/04/2012','Roma','San Pietroburgo','ULC-228');
INSERT INTO "volo" (idVolo,data,cittaPart,cittaArr,tipoAereo) VALUES (534,'09/03/2012','Lione','Siviglia','VHF-428');
INSERT INTO "volo" (idVolo,data,cittaPart,cittaArr,tipoAereo) VALUES (535,'10/06/2014','Londra','Siviglia','POV-294');
INSERT INTO "volo" (idVolo,data,cittaPart,cittaArr,tipoAereo) VALUES (536,'10/02/2012','Siviglia','Tolosa','URG-551');
INSERT INTO "volo" (idVolo,data,cittaPart,cittaArr,tipoAereo) VALUES (537,'05/05/2014','San Pietroburgo','Monaco','DJG-283');
INSERT INTO "volo" (idVolo,data,cittaPart,cittaArr,tipoAereo) VALUES (538,'29/01/2014','Siviglia','Madrid','POV-294');
INSERT INTO "volo" (idVolo,data,cittaPart,cittaArr,tipoAereo) VALUES (539,'19/12/2013','Tolosa','Barcellona','GXV-893');
INSERT INTO "volo" (idVolo,data,cittaPart,cittaArr,tipoAereo) VALUES (540,'28/10/2012','Liverpool','Napoli','BDE-255');
INSERT INTO "volo" (idVolo,data,cittaPart,cittaArr,tipoAereo) VALUES (541,'05/05/2012','Milano','Londra','XUZ-619');
INSERT INTO "volo" (idVolo,data,cittaPart,cittaArr,tipoAereo) VALUES (542,'28/08/2014','Madrid','Milano','IFT-117');
INSERT INTO "volo" (idVolo,data,cittaPart,cittaArr,tipoAereo) VALUES (543,'26/06/2013','Liverpool','Roma','WQR-561');
INSERT INTO "volo" (idVolo,data,cittaPart,cittaArr,tipoAereo) VALUES (544,'26/11/2013','San Pietroburgo','Liverpool','SIN-829');
INSERT INTO "volo" (idVolo,data,cittaPart,cittaArr,tipoAereo) VALUES (545,'30/08/2012','Siviglia','Monaco','NQK-711');
INSERT INTO "volo" (idVolo,data,cittaPart,cittaArr,tipoAereo) VALUES (546,'23/08/2013','Berlino','Amburgo','VVB-493');
INSERT INTO "volo" (idVolo,data,cittaPart,cittaArr,tipoAereo) VALUES (547,'10/01/2012','Liverpool','Berlino','ZCI-606');
INSERT INTO "volo" (idVolo,data,cittaPart,cittaArr,tipoAereo) VALUES (548,'18/12/2012','Liverpool','Napoli','TEW-884');
INSERT INTO "volo" (idVolo,data,cittaPart,cittaArr,tipoAereo) VALUES (549,'12/09/2014','Lione','Monaco','FUQ-926');
INSERT INTO "volo" (idVolo,data,cittaPart,cittaArr,tipoAereo) VALUES (550,'01/10/2012','Siviglia','San Pietroburgo','FBA-022');
INSERT INTO "volo" (idVolo,data,cittaPart,cittaArr,tipoAereo) VALUES (551,'04/02/2014','San Pietroburgo','Amburgo','JVS-175');
INSERT INTO "volo" (idVolo,data,cittaPart,cittaArr,tipoAereo) VALUES (552,'13/04/2014','Valencia','Roma','WDW-394');
INSERT INTO "volo" (idVolo,data,cittaPart,cittaArr,tipoAereo) VALUES (553,'12/08/2013','Liverpool','Madrid','AVE-697');
INSERT INTO "volo" (idVolo,data,cittaPart,cittaArr,tipoAereo) VALUES (554,'26/05/2013','Milano','Berlino','LVS-191');
INSERT INTO "volo" (idVolo,data,cittaPart,cittaArr,tipoAereo) VALUES (555,'27/08/2014','Roma','Lione','NZP-055');
INSERT INTO "volo" (idVolo,data,cittaPart,cittaArr,tipoAereo) VALUES (556,'20/01/2012','Lione','Francoforte','NUT-046');
INSERT INTO "volo" (idVolo,data,cittaPart,cittaArr,tipoAereo) VALUES (557,'07/05/2014','Madrid','Londra','DCQ-863');
INSERT INTO "volo" (idVolo,data,cittaPart,cittaArr,tipoAereo) VALUES (558,'26/10/2014','Monaco','Milano','HMP-860');
INSERT INTO "volo" (idVolo,data,cittaPart,cittaArr,tipoAereo) VALUES (559,'15/10/2012','Varsavia','Londra','WQR-561');
INSERT INTO "volo" (idVolo,data,cittaPart,cittaArr,tipoAereo) VALUES (560,'07/09/2013','Mosca','Lione','KPY-010');
INSERT INTO "volo" (idVolo,data,cittaPart,cittaArr,tipoAereo) VALUES (561,'12/05/2014','Marsiglia','San Pietroburgo','SIN-829');
INSERT INTO "volo" (idVolo,data,cittaPart,cittaArr,tipoAereo) VALUES (562,'22/06/2013','Mosca','Napoli','IFT-117');
INSERT INTO "volo" (idVolo,data,cittaPart,cittaArr,tipoAereo) VALUES (563,'23/08/2014','Londra','Barcellona','UCI-314');
INSERT INTO "volo" (idVolo,data,cittaPart,cittaArr,tipoAereo) VALUES (564,'09/12/2013','Londra','Parigi','WGO-981');
INSERT INTO "volo" (idVolo,data,cittaPart,cittaArr,tipoAereo) VALUES (565,'13/02/2013','Milano','Marsiglia','NFN-204');
INSERT INTO "volo" (idVolo,data,cittaPart,cittaArr,tipoAereo) VALUES (566,'07/01/2014','Siviglia','Roma','TNI-733');
INSERT INTO "volo" (idVolo,data,cittaPart,cittaArr,tipoAereo) VALUES (567,'05/06/2014','Monaco','Roma','WQR-561');
INSERT INTO "volo" (idVolo,data,cittaPart,cittaArr,tipoAereo) VALUES (568,'27/07/2014','Valencia','Roma','KYJ-408');
INSERT INTO "volo" (idVolo,data,cittaPart,cittaArr,tipoAereo) VALUES (569,'02/07/2012','Berlino','Francoforte','IDW-645');
INSERT INTO "volo" (idVolo,data,cittaPart,cittaArr,tipoAereo) VALUES (570,'20/08/2014','Milano','Amburgo','RVY-803');
INSERT INTO "volo" (idVolo,data,cittaPart,cittaArr,tipoAereo) VALUES (571,'10/04/2012','Mosca','Milano','WVA-959');
INSERT INTO "volo" (idVolo,data,cittaPart,cittaArr,tipoAereo) VALUES (572,'22/12/2014','Parigi','Londra','ELK-350');
INSERT INTO "volo" (idVolo,data,cittaPart,cittaArr,tipoAereo) VALUES (573,'28/05/2013','Londra','Madrid','NQK-711');
INSERT INTO "volo" (idVolo,data,cittaPart,cittaArr,tipoAereo) VALUES (574,'20/10/2012','Varsavia','Napoli','NFN-204');
INSERT INTO "volo" (idVolo,data,cittaPart,cittaArr,tipoAereo) VALUES (575,'20/07/2014','Mosca','Varsavia','POV-294');
INSERT INTO "volo" (idVolo,data,cittaPart,cittaArr,tipoAereo) VALUES (576,'10/03/2012','Monaco','Siviglia','NFN-204');
INSERT INTO "volo" (idVolo,data,cittaPart,cittaArr,tipoAereo) VALUES (577,'21/06/2014','Lione','Valencia','CSY-690');
INSERT INTO "volo" (idVolo,data,cittaPart,cittaArr,tipoAereo) VALUES (578,'14/01/2012','Liverpool','Parigi','BDE-255');
INSERT INTO "volo" (idVolo,data,cittaPart,cittaArr,tipoAereo) VALUES (579,'07/07/2013','Londra','Milano','SGC-374');
INSERT INTO "volo" (idVolo,data,cittaPart,cittaArr,tipoAereo) VALUES (580,'27/08/2014','Lione','Mosca','OVM-050');
INSERT INTO "volo" (idVolo,data,cittaPart,cittaArr,tipoAereo) VALUES (581,'16/01/2013','San Pietroburgo','Varsavia','IDW-645');
INSERT INTO "volo" (idVolo,data,cittaPart,cittaArr,tipoAereo) VALUES (582,'11/05/2012','Valencia','Siviglia','WVA-959');
INSERT INTO "volo" (idVolo,data,cittaPart,cittaArr,tipoAereo) VALUES (583,'02/06/2012','Milano','Marsiglia','KWT-565');
INSERT INTO "volo" (idVolo,data,cittaPart,cittaArr,tipoAereo) VALUES (584,'10/11/2012','Tolosa','Milano','XRR-267');
INSERT INTO "volo" (idVolo,data,cittaPart,cittaArr,tipoAereo) VALUES (585,'06/01/2014','Madrid','Varsavia','WVA-959');
INSERT INTO "volo" (idVolo,data,cittaPart,cittaArr,tipoAereo) VALUES (586,'29/08/2013','Siviglia','Monaco','VHS-521');
INSERT INTO "volo" (idVolo,data,cittaPart,cittaArr,tipoAereo) VALUES (587,'20/09/2014','Liverpool','San Pietroburgo','FVN-798');
INSERT INTO "volo" (idVolo,data,cittaPart,cittaArr,tipoAereo) VALUES (588,'31/12/2012','Valencia','San Pietroburgo','NZP-055');
INSERT INTO "volo" (idVolo,data,cittaPart,cittaArr,tipoAereo) VALUES (589,'13/12/2013','Liverpool','Marsiglia','QLH-005');
INSERT INTO "volo" (idVolo,data,cittaPart,cittaArr,tipoAereo) VALUES (590,'24/02/2014','Barcellona','Parigi','TZC-916');
INSERT INTO "volo" (idVolo,data,cittaPart,cittaArr,tipoAereo) VALUES (591,'18/01/2012','Valencia','Francoforte','NML-629');
INSERT INTO "volo" (idVolo,data,cittaPart,cittaArr,tipoAereo) VALUES (592,'13/05/2013','Mosca','Varsavia','SZM-148');
INSERT INTO "volo" (idVolo,data,cittaPart,cittaArr,tipoAereo) VALUES (593,'21/10/2014','Liverpool','Lione','FBA-022');
INSERT INTO "volo" (idVolo,data,cittaPart,cittaArr,tipoAereo) VALUES (594,'20/02/2012','Amburgo','Amburgo','CSY-690');
INSERT INTO "volo" (idVolo,data,cittaPart,cittaArr,tipoAereo) VALUES (595,'09/06/2013','Londra','Lione','WJN-125');
INSERT INTO "volo" (idVolo,data,cittaPart,cittaArr,tipoAereo) VALUES (596,'16/06/2013','Siviglia','San Pietroburgo','PMV-365');
INSERT INTO "volo" (idVolo,data,cittaPart,cittaArr,tipoAereo) VALUES (597,'11/07/2013','Varsavia','Amburgo','OMH-151');
INSERT INTO "volo" (idVolo,data,cittaPart,cittaArr,tipoAereo) VALUES (598,'26/09/2012','Tolosa','San Pietroburgo','AVE-697');
INSERT INTO "volo" (idVolo,data,cittaPart,cittaArr,tipoAereo) VALUES (599,'09/09/2012','Monaco','Tolosa','WNC-806');
INSERT INTO "volo" (idVolo,data,cittaPart,cittaArr,tipoAereo) VALUES (600,'07/02/2014','Londra','Napoli','HUX-675');
INSERT INTO "volo" (idVolo,data,cittaPart,cittaArr,tipoAereo) VALUES (601,'26/10/2014','Roma','Berlino','WDW-394');
INSERT INTO "volo" (idVolo,data,cittaPart,cittaArr,tipoAereo) VALUES (602,'28/02/2012','Monaco','Valencia','DCQ-863');
INSERT INTO "volo" (idVolo,data,cittaPart,cittaArr,tipoAereo) VALUES (603,'03/02/2012','Madrid','Milano','XRR-267');
INSERT INTO "volo" (idVolo,data,cittaPart,cittaArr,tipoAereo) VALUES (604,'13/05/2012','Francoforte','San Pietroburgo','TYB-722');
INSERT INTO "volo" (idVolo,data,cittaPart,cittaArr,tipoAereo) VALUES (605,'29/01/2013','Francoforte','Lione','KYJ-408');
INSERT INTO "volo" (idVolo,data,cittaPart,cittaArr,tipoAereo) VALUES (606,'03/04/2012','Berlino','Roma','WHJ-489');
INSERT INTO "volo" (idVolo,data,cittaPart,cittaArr,tipoAereo) VALUES (607,'07/06/2014','Londra','Barcellona','AVE-697');
INSERT INTO "volo" (idVolo,data,cittaPart,cittaArr,tipoAereo) VALUES (608,'29/08/2014','Mosca','Varsavia','UJI-531');
INSERT INTO "volo" (idVolo,data,cittaPart,cittaArr,tipoAereo) VALUES (609,'07/04/2012','Milano','Marsiglia','WDW-394');
INSERT INTO "volo" (idVolo,data,cittaPart,cittaArr,tipoAereo) VALUES (610,'28/03/2014','Francoforte','Lione','FBA-022');
INSERT INTO "volo" (idVolo,data,cittaPart,cittaArr,tipoAereo) VALUES (611,'15/09/2013','Amburgo','Madrid','UJI-531');
INSERT INTO "volo" (idVolo,data,cittaPart,cittaArr,tipoAereo) VALUES (612,'13/12/2012','Lione','Monaco','KYJ-408');
INSERT INTO "volo" (idVolo,data,cittaPart,cittaArr,tipoAereo) VALUES (613,'16/12/2012','Lione','Monaco','URG-551');
INSERT INTO "volo" (idVolo,data,cittaPart,cittaArr,tipoAereo) VALUES (614,'24/06/2012','Roma','Madrid','SGC-374');
INSERT INTO "volo" (idVolo,data,cittaPart,cittaArr,tipoAereo) VALUES (615,'01/11/2013','Madrid','Barcellona','QLH-005');
INSERT INTO "volo" (idVolo,data,cittaPart,cittaArr,tipoAereo) VALUES (616,'15/07/2013','Valencia','Napoli','VVB-493');
INSERT INTO "volo" (idVolo,data,cittaPart,cittaArr,tipoAereo) VALUES (617,'06/08/2012','Parigi','Francoforte','WNC-806');
INSERT INTO "volo" (idVolo,data,cittaPart,cittaArr,tipoAereo) VALUES (618,'28/11/2013','Milano','Barcellona','KWT-565');
INSERT INTO "volo" (idVolo,data,cittaPart,cittaArr,tipoAereo) VALUES (619,'06/11/2013','Siviglia','Amburgo','HMP-860');
INSERT INTO "volo" (idVolo,data,cittaPart,cittaArr,tipoAereo) VALUES (620,'19/12/2012','Francoforte','Milano','EZB-941');
INSERT INTO "volo" (idVolo,data,cittaPart,cittaArr,tipoAereo) VALUES (621,'23/01/2014','Valencia','Milano','ULC-228');
INSERT INTO "volo" (idVolo,data,cittaPart,cittaArr,tipoAereo) VALUES (622,'22/07/2014','Roma','Amburgo','WQR-561');
INSERT INTO "volo" (idVolo,data,cittaPart,cittaArr,tipoAereo) VALUES (623,'06/06/2013','Madrid','Liverpool','IFT-117');
INSERT INTO "volo" (idVolo,data,cittaPart,cittaArr,tipoAereo) VALUES (624,'02/09/2014','Tolosa','Monaco','VSH-796');
INSERT INTO "volo" (idVolo,data,cittaPart,cittaArr,tipoAereo) VALUES (625,'19/07/2012','Marsiglia','Varsavia','GMD-033');
INSERT INTO "volo" (idVolo,data,cittaPart,cittaArr,tipoAereo) VALUES (626,'26/06/2013','Berlino','Amburgo','WHJ-489');
INSERT INTO "volo" (idVolo,data,cittaPart,cittaArr,tipoAereo) VALUES (627,'28/03/2013','Valencia','Londra','WVA-959');
INSERT INTO "volo" (idVolo,data,cittaPart,cittaArr,tipoAereo) VALUES (628,'10/07/2013','Tolosa','Barcellona','PMV-365');
INSERT INTO "volo" (idVolo,data,cittaPart,cittaArr,tipoAereo) VALUES (629,'02/07/2012','Napoli','Liverpool','TNI-733');
INSERT INTO "volo" (idVolo,data,cittaPart,cittaArr,tipoAereo) VALUES (630,'11/03/2012','Roma','Marsiglia','ZCI-606');
INSERT INTO "volo" (idVolo,data,cittaPart,cittaArr,tipoAereo) VALUES (631,'10/03/2014','Milano','Tolosa','TZC-916');
INSERT INTO "volo" (idVolo,data,cittaPart,cittaArr,tipoAereo) VALUES (632,'15/12/2013','Francoforte','Siviglia','KWT-565');
INSERT INTO "volo" (idVolo,data,cittaPart,cittaArr,tipoAereo) VALUES (633,'12/05/2012','Napoli','Mosca','IFT-117');
INSERT INTO "volo" (idVolo,data,cittaPart,cittaArr,tipoAereo) VALUES (634,'29/08/2013','Roma','Varsavia','KDB-485');
INSERT INTO "volo" (idVolo,data,cittaPart,cittaArr,tipoAereo) VALUES (635,'14/10/2013','Valencia','Lione','JZI-296');
INSERT INTO "volo" (idVolo,data,cittaPart,cittaArr,tipoAereo) VALUES (636,'21/01/2014','Napoli','Marsiglia','JZI-296');
INSERT INTO "volo" (idVolo,data,cittaPart,cittaArr,tipoAereo) VALUES (637,'08/08/2013','Tolosa','Valencia','VSH-796');
INSERT INTO "volo" (idVolo,data,cittaPart,cittaArr,tipoAereo) VALUES (638,'24/10/2014','Marsiglia','Madrid','TEW-884');
INSERT INTO "volo" (idVolo,data,cittaPart,cittaArr,tipoAereo) VALUES (639,'26/06/2013','Tolosa','Liverpool','ELK-350');
INSERT INTO "volo" (idVolo,data,cittaPart,cittaArr,tipoAereo) VALUES (640,'15/04/2012','Roma','Marsiglia','OVM-050');
INSERT INTO "volo" (idVolo,data,cittaPart,cittaArr,tipoAereo) VALUES (641,'10/05/2012','Varsavia','Mosca','IFT-117');
INSERT INTO "volo" (idVolo,data,cittaPart,cittaArr,tipoAereo) VALUES (642,'18/01/2012','Napoli','Siviglia','TYB-722');
INSERT INTO "volo" (idVolo,data,cittaPart,cittaArr,tipoAereo) VALUES (643,'15/11/2012','Amburgo','Monaco','DJG-283');
INSERT INTO "volo" (idVolo,data,cittaPart,cittaArr,tipoAereo) VALUES (644,'12/01/2014','Siviglia','Milano','KDB-485');
INSERT INTO "volo" (idVolo,data,cittaPart,cittaArr,tipoAereo) VALUES (645,'08/10/2013','Valencia','San Pietroburgo','UJI-531');
INSERT INTO "volo" (idVolo,data,cittaPart,cittaArr,tipoAereo) VALUES (646,'14/04/2012','Barcellona','Napoli','AGI-080');
INSERT INTO "volo" (idVolo,data,cittaPart,cittaArr,tipoAereo) VALUES (647,'03/09/2014','Roma','Liverpool','WJN-125');
INSERT INTO "volo" (idVolo,data,cittaPart,cittaArr,tipoAereo) VALUES (648,'27/12/2012','Valencia','Milano','JLX-349');
INSERT INTO "volo" (idVolo,data,cittaPart,cittaArr,tipoAereo) VALUES (649,'16/01/2014','Amburgo','Milano','SIN-829');
INSERT INTO "volo" (idVolo,data,cittaPart,cittaArr,tipoAereo) VALUES (650,'10/06/2014','San Pietroburgo','Barcellona','LVS-191');
INSERT INTO "volo" (idVolo,data,cittaPart,cittaArr,tipoAereo) VALUES (651,'17/03/2014','Amburgo','Londra','ZIK-664');
INSERT INTO "volo" (idVolo,data,cittaPart,cittaArr,tipoAereo) VALUES (652,'26/12/2012','Marsiglia','Monaco','WVA-959');
INSERT INTO "volo" (idVolo,data,cittaPart,cittaArr,tipoAereo) VALUES (653,'29/01/2014','Monaco','Francoforte','FBA-022');
INSERT INTO "volo" (idVolo,data,cittaPart,cittaArr,tipoAereo) VALUES (654,'04/05/2014','Varsavia','San Pietroburgo','OMH-151');
INSERT INTO "volo" (idVolo,data,cittaPart,cittaArr,tipoAereo) VALUES (655,'04/10/2013','Parigi','Tolosa','IDW-645');
INSERT INTO "volo" (idVolo,data,cittaPart,cittaArr,tipoAereo) VALUES (656,'06/02/2012','Amburgo','Siviglia','NFT-882');
INSERT INTO "volo" (idVolo,data,cittaPart,cittaArr,tipoAereo) VALUES (657,'28/04/2014','Roma','Tolosa','ZFQ-210');
INSERT INTO "volo" (idVolo,data,cittaPart,cittaArr,tipoAereo) VALUES (658,'16/07/2014','Milano','Londra','GMD-033');
INSERT INTO "volo" (idVolo,data,cittaPart,cittaArr,tipoAereo) VALUES (659,'18/04/2013','San Pietroburgo','Amburgo','BAD-103');
INSERT INTO "volo" (idVolo,data,cittaPart,cittaArr,tipoAereo) VALUES (660,'20/07/2012','Valencia','Berlino','DJG-283');
INSERT INTO "volo" (idVolo,data,cittaPart,cittaArr,tipoAereo) VALUES (661,'04/10/2013','Liverpool','Siviglia','JIC-352');
INSERT INTO "volo" (idVolo,data,cittaPart,cittaArr,tipoAereo) VALUES (662,'22/06/2013','Tolosa','Berlino','QLH-005');
INSERT INTO "volo" (idVolo,data,cittaPart,cittaArr,tipoAereo) VALUES (663,'27/03/2012','San Pietroburgo','Amburgo','NFT-882');
INSERT INTO "volo" (idVolo,data,cittaPart,cittaArr,tipoAereo) VALUES (664,'28/08/2014','Londra','Barcellona','HMP-860');
INSERT INTO "volo" (idVolo,data,cittaPart,cittaArr,tipoAereo) VALUES (665,'12/04/2012','Londra','Parigi','ZWV-443');
INSERT INTO "volo" (idVolo,data,cittaPart,cittaArr,tipoAereo) VALUES (666,'13/11/2012','Madrid','Lione','TEW-884');
INSERT INTO "volo" (idVolo,data,cittaPart,cittaArr,tipoAereo) VALUES (667,'16/06/2013','Tolosa','Francoforte','TNI-733');
INSERT INTO "volo" (idVolo,data,cittaPart,cittaArr,tipoAereo) VALUES (668,'05/11/2013','Barcellona','Berlino','LRN-589');
INSERT INTO "volo" (idVolo,data,cittaPart,cittaArr,tipoAereo) VALUES (669,'02/06/2014','Marsiglia','Berlino','CQE-622');
INSERT INTO "volo" (idVolo,data,cittaPart,cittaArr,tipoAereo) VALUES (670,'10/11/2014','Tolosa','Madrid','NFN-204');
INSERT INTO "volo" (idVolo,data,cittaPart,cittaArr,tipoAereo) VALUES (671,'13/12/2012','Mosca','Berlino','WGO-981');
INSERT INTO "volo" (idVolo,data,cittaPart,cittaArr,tipoAereo) VALUES (672,'29/04/2013','Milano','Tolosa','AGI-080');
INSERT INTO "volo" (idVolo,data,cittaPart,cittaArr,tipoAereo) VALUES (673,'14/10/2014','Amburgo','Marsiglia','TEW-884');
INSERT INTO "volo" (idVolo,data,cittaPart,cittaArr,tipoAereo) VALUES (674,'08/08/2013','Liverpool','Monaco','AGI-080');
INSERT INTO "volo" (idVolo,data,cittaPart,cittaArr,tipoAereo) VALUES (675,'04/02/2012','Roma','Tolosa','WDW-394');
INSERT INTO "volo" (idVolo,data,cittaPart,cittaArr,tipoAereo) VALUES (676,'07/04/2014','Lione','Monaco','GXV-893');
INSERT INTO "volo" (idVolo,data,cittaPart,cittaArr,tipoAereo) VALUES (677,'27/12/2012','Berlino','Monaco','BXZ-552');
INSERT INTO "volo" (idVolo,data,cittaPart,cittaArr,tipoAereo) VALUES (678,'11/08/2013','Londra','Liverpool','RVY-803');
INSERT INTO "volo" (idVolo,data,cittaPart,cittaArr,tipoAereo) VALUES (679,'04/09/2013','Berlino','Francoforte','OSH-428');
INSERT INTO "volo" (idVolo,data,cittaPart,cittaArr,tipoAereo) VALUES (680,'17/01/2012','Siviglia','Lione','NML-629');
INSERT INTO "volo" (idVolo,data,cittaPart,cittaArr,tipoAereo) VALUES (681,'16/03/2014','Barcellona','Londra','TZC-916');
INSERT INTO "volo" (idVolo,data,cittaPart,cittaArr,tipoAereo) VALUES (682,'28/09/2012','Siviglia','Milano','KDH-744');
INSERT INTO "volo" (idVolo,data,cittaPart,cittaArr,tipoAereo) VALUES (683,'25/08/2013','Varsavia','Liverpool','GAP-091');
INSERT INTO "volo" (idVolo,data,cittaPart,cittaArr,tipoAereo) VALUES (684,'31/01/2014','Varsavia','Lione','CQI-395');
INSERT INTO "volo" (idVolo,data,cittaPart,cittaArr,tipoAereo) VALUES (685,'21/11/2014','Milano','Liverpool','TNI-733');
INSERT INTO "volo" (idVolo,data,cittaPart,cittaArr,tipoAereo) VALUES (686,'27/08/2013','Mosca','Madrid','VVB-493');
INSERT INTO "volo" (idVolo,data,cittaPart,cittaArr,tipoAereo) VALUES (687,'24/08/2014','Berlino','Londra','ORP-730');
INSERT INTO "volo" (idVolo,data,cittaPart,cittaArr,tipoAereo) VALUES (688,'20/09/2014','Parigi','San Pietroburgo','YOW-051');
INSERT INTO "volo" (idVolo,data,cittaPart,cittaArr,tipoAereo) VALUES (689,'25/05/2013','Roma','Barcellona','VVB-493');
INSERT INTO "volo" (idVolo,data,cittaPart,cittaArr,tipoAereo) VALUES (690,'20/02/2012','Milano','Napoli','TEW-884');
INSERT INTO "volo" (idVolo,data,cittaPart,cittaArr,tipoAereo) VALUES (691,'13/10/2013','Varsavia','Monaco','IDW-645');
INSERT INTO "volo" (idVolo,data,cittaPart,cittaArr,tipoAereo) VALUES (692,'06/02/2013','Siviglia','Tolosa','ULC-228');
INSERT INTO "volo" (idVolo,data,cittaPart,cittaArr,tipoAereo) VALUES (693,'14/06/2013','Varsavia','Siviglia','KDR-597');
INSERT INTO "volo" (idVolo,data,cittaPart,cittaArr,tipoAereo) VALUES (694,'04/04/2012','Liverpool','Milano','NFN-204');
INSERT INTO "volo" (idVolo,data,cittaPart,cittaArr,tipoAereo) VALUES (695,'11/02/2012','Napoli','Amburgo','VNC-518');
INSERT INTO "volo" (idVolo,data,cittaPart,cittaArr,tipoAereo) VALUES (696,'31/12/2012','Marsiglia','Madrid','GXV-893');
INSERT INTO "volo" (idVolo,data,cittaPart,cittaArr,tipoAereo) VALUES (697,'13/02/2012','Milano','Valencia','XBC-188');
INSERT INTO "volo" (idVolo,data,cittaPart,cittaArr,tipoAereo) VALUES (698,'02/12/2012','Parigi','Marsiglia','NDC-733');
INSERT INTO "volo" (idVolo,data,cittaPart,cittaArr,tipoAereo) VALUES (699,'26/07/2012','Parigi','Siviglia','HMP-860');
INSERT INTO "volo" (idVolo,data,cittaPart,cittaArr,tipoAereo) VALUES (700,'01/01/2012','Francoforte','Parigi','TZC-916');
INSERT INTO "volo" (idVolo,data,cittaPart,cittaArr,tipoAereo) VALUES (701,'20/05/2012','Amburgo','Barcellona','QXX-676');
INSERT INTO "volo" (idVolo,data,cittaPart,cittaArr,tipoAereo) VALUES (702,'06/11/2012','Francoforte','Marsiglia','TNI-733');
INSERT INTO "volo" (idVolo,data,cittaPart,cittaArr,tipoAereo) VALUES (703,'31/05/2014','Marsiglia','Siviglia','LRN-589');
INSERT INTO "volo" (idVolo,data,cittaPart,cittaArr,tipoAereo) VALUES (704,'16/06/2014','Tolosa','Roma','UCI-314');
INSERT INTO "volo" (idVolo,data,cittaPart,cittaArr,tipoAereo) VALUES (705,'05/11/2014','Madrid','Valencia','SGC-374');
INSERT INTO "volo" (idVolo,data,cittaPart,cittaArr,tipoAereo) VALUES (706,'08/06/2013','Tolosa','Parigi','ZCI-606');
INSERT INTO "volo" (idVolo,data,cittaPart,cittaArr,tipoAereo) VALUES (707,'28/09/2013','Siviglia','Liverpool','JVS-175');
INSERT INTO "volo" (idVolo,data,cittaPart,cittaArr,tipoAereo) VALUES (708,'24/10/2012','Siviglia','Valencia','HUX-675');
INSERT INTO "volo" (idVolo,data,cittaPart,cittaArr,tipoAereo) VALUES (709,'12/06/2014','San Pietroburgo','Liverpool','IDW-645');
INSERT INTO "volo" (idVolo,data,cittaPart,cittaArr,tipoAereo) VALUES (710,'08/09/2012','Amburgo','Lione','QLH-005');
INSERT INTO "volo" (idVolo,data,cittaPart,cittaArr,tipoAereo) VALUES (711,'08/01/2013','Varsavia','Milano','GMD-033');
INSERT INTO "volo" (idVolo,data,cittaPart,cittaArr,tipoAereo) VALUES (712,'13/02/2014','Marsiglia','Lione','ZIK-664');
INSERT INTO "volo" (idVolo,data,cittaPart,cittaArr,tipoAereo) VALUES (713,'11/06/2013','Marsiglia','Monaco','OWM-612');
INSERT INTO "volo" (idVolo,data,cittaPart,cittaArr,tipoAereo) VALUES (714,'11/07/2014','Mosca','Roma','WQR-561');
INSERT INTO "volo" (idVolo,data,cittaPart,cittaArr,tipoAereo) VALUES (715,'13/08/2013','Berlino','Tolosa','XUZ-619');
INSERT INTO "volo" (idVolo,data,cittaPart,cittaArr,tipoAereo) VALUES (716,'01/05/2012','Berlino','Barcellona','AGI-080');
INSERT INTO "volo" (idVolo,data,cittaPart,cittaArr,tipoAereo) VALUES (717,'16/07/2012','Madrid','San Pietroburgo','IDW-645');
INSERT INTO "volo" (idVolo,data,cittaPart,cittaArr,tipoAereo) VALUES (718,'01/12/2014','Lione','Marsiglia','IFT-117');
INSERT INTO "volo" (idVolo,data,cittaPart,cittaArr,tipoAereo) VALUES (719,'27/09/2012','Tolosa','Londra','NDC-733');
INSERT INTO "volo" (idVolo,data,cittaPart,cittaArr,tipoAereo) VALUES (720,'19/11/2014','Tolosa','Lione','XUZ-619');
INSERT INTO "volo" (idVolo,data,cittaPart,cittaArr,tipoAereo) VALUES (721,'13/06/2013','Marsiglia','Berlino','ZIK-664');
INSERT INTO "volo" (idVolo,data,cittaPart,cittaArr,tipoAereo) VALUES (722,'30/08/2012','Barcellona','Napoli','HIH-829');
INSERT INTO "volo" (idVolo,data,cittaPart,cittaArr,tipoAereo) VALUES (723,'13/10/2013','Varsavia','Madrid','WVA-959');
INSERT INTO "volo" (idVolo,data,cittaPart,cittaArr,tipoAereo) VALUES (724,'08/03/2014','Milano','Amburgo','FVN-798');
INSERT INTO "volo" (idVolo,data,cittaPart,cittaArr,tipoAereo) VALUES (725,'25/02/2014','Lione','Siviglia','SIN-829');
INSERT INTO "volo" (idVolo,data,cittaPart,cittaArr,tipoAereo) VALUES (726,'21/01/2014','Tolosa','Varsavia','EZB-941');
INSERT INTO "volo" (idVolo,data,cittaPart,cittaArr,tipoAereo) VALUES (727,'13/06/2014','Milano','Mosca','JJF-933');
INSERT INTO "volo" (idVolo,data,cittaPart,cittaArr,tipoAereo) VALUES (728,'05/10/2013','Amburgo','Liverpool','GAP-091');
INSERT INTO "volo" (idVolo,data,cittaPart,cittaArr,tipoAereo) VALUES (729,'12/05/2014','Madrid','Madrid','GXV-893');
INSERT INTO "volo" (idVolo,data,cittaPart,cittaArr,tipoAereo) VALUES (730,'14/02/2012','Roma','Berlino','LFD-789');
INSERT INTO "volo" (idVolo,data,cittaPart,cittaArr,tipoAereo) VALUES (731,'02/08/2012','Monaco','Monaco','WHJ-489');
INSERT INTO "volo" (idVolo,data,cittaPart,cittaArr,tipoAereo) VALUES (732,'16/12/2013','Roma','Monaco','OWM-612');
INSERT INTO "volo" (idVolo,data,cittaPart,cittaArr,tipoAereo) VALUES (733,'30/05/2012','Valencia','Parigi','OMH-151');
INSERT INTO "volo" (idVolo,data,cittaPart,cittaArr,tipoAereo) VALUES (734,'27/03/2012','San Pietroburgo','Londra','EZB-941');
INSERT INTO "volo" (idVolo,data,cittaPart,cittaArr,tipoAereo) VALUES (735,'27/03/2012','San Pietroburgo','Francoforte','WGO-981');
INSERT INTO "volo" (idVolo,data,cittaPart,cittaArr,tipoAereo) VALUES (736,'12/12/2014','Madrid','Liverpool','ULC-228');
INSERT INTO "volo" (idVolo,data,cittaPart,cittaArr,tipoAereo) VALUES (737,'14/08/2014','Parigi','Mosca','GDP-963');
INSERT INTO "volo" (idVolo,data,cittaPart,cittaArr,tipoAereo) VALUES (738,'02/10/2014','Roma','Mosca','YOW-051');
INSERT INTO "volo" (idVolo,data,cittaPart,cittaArr,tipoAereo) VALUES (739,'27/08/2014','Barcellona','Roma','ZFQ-210');
INSERT INTO "volo" (idVolo,data,cittaPart,cittaArr,tipoAereo) VALUES (740,'04/12/2012','San Pietroburgo','Valencia','WNC-806');
INSERT INTO "volo" (idVolo,data,cittaPart,cittaArr,tipoAereo) VALUES (741,'29/06/2014','Francoforte','Lione','VSH-796');
INSERT INTO "volo" (idVolo,data,cittaPart,cittaArr,tipoAereo) VALUES (742,'17/05/2012','Monaco','Londra','CSY-690');
INSERT INTO "volo" (idVolo,data,cittaPart,cittaArr,tipoAereo) VALUES (743,'09/04/2014','Roma','Napoli','OMH-151');
INSERT INTO "volo" (idVolo,data,cittaPart,cittaArr,tipoAereo) VALUES (744,'11/01/2012','Varsavia','Roma','ZWV-443');
INSERT INTO "volo" (idVolo,data,cittaPart,cittaArr,tipoAereo) VALUES (745,'12/05/2013','Berlino','Marsiglia','HUX-675');
INSERT INTO "volo" (idVolo,data,cittaPart,cittaArr,tipoAereo) VALUES (746,'02/10/2013','Amburgo','Marsiglia','LEO-089');
INSERT INTO "volo" (idVolo,data,cittaPart,cittaArr,tipoAereo) VALUES (747,'16/02/2014','Londra','Monaco','SIN-829');
INSERT INTO "volo" (idVolo,data,cittaPart,cittaArr,tipoAereo) VALUES (748,'20/12/2014','Tolosa','Marsiglia','QXX-676');
INSERT INTO "volo" (idVolo,data,cittaPart,cittaArr,tipoAereo) VALUES (749,'15/12/2013','San Pietroburgo','Milano','NFN-204');
INSERT INTO "volo" (idVolo,data,cittaPart,cittaArr,tipoAereo) VALUES (750,'14/06/2012','San Pietroburgo','Mosca','CQI-395');
INSERT INTO "volo" (idVolo,data,cittaPart,cittaArr,tipoAereo) VALUES (751,'14/01/2013','Valencia','San Pietroburgo','TNI-733');
INSERT INTO "volo" (idVolo,data,cittaPart,cittaArr,tipoAereo) VALUES (752,'06/04/2014','Siviglia','Siviglia','GAP-091');
INSERT INTO "volo" (idVolo,data,cittaPart,cittaArr,tipoAereo) VALUES (753,'05/11/2014','Barcellona','Berlino','WDW-394');
INSERT INTO "volo" (idVolo,data,cittaPart,cittaArr,tipoAereo) VALUES (754,'10/09/2013','Lione','Monaco','VVB-493');
INSERT INTO "volo" (idVolo,data,cittaPart,cittaArr,tipoAereo) VALUES (755,'08/06/2013','Varsavia','San Pietroburgo','KPY-010');
INSERT INTO "volo" (idVolo,data,cittaPart,cittaArr,tipoAereo) VALUES (756,'25/03/2013','Barcellona','Valencia','JIC-352');
INSERT INTO "volo" (idVolo,data,cittaPart,cittaArr,tipoAereo) VALUES (757,'23/01/2012','Londra','Varsavia','ZWV-443');
INSERT INTO "volo" (idVolo,data,cittaPart,cittaArr,tipoAereo) VALUES (758,'06/02/2013','Milano','Londra','NZP-055');
INSERT INTO "volo" (idVolo,data,cittaPart,cittaArr,tipoAereo) VALUES (759,'07/03/2014','Valencia','Amburgo','WNC-806');
INSERT INTO "volo" (idVolo,data,cittaPart,cittaArr,tipoAereo) VALUES (760,'21/04/2014','Berlino','Roma','KPY-010');
INSERT INTO "volo" (idVolo,data,cittaPart,cittaArr,tipoAereo) VALUES (761,'14/12/2012','Francoforte','Valencia','GXV-893');
INSERT INTO "volo" (idVolo,data,cittaPart,cittaArr,tipoAereo) VALUES (762,'07/09/2012','Valencia','Milano','WDW-394');
INSERT INTO "volo" (idVolo,data,cittaPart,cittaArr,tipoAereo) VALUES (763,'22/06/2013','Monaco','Milano','URG-551');
INSERT INTO "volo" (idVolo,data,cittaPart,cittaArr,tipoAereo) VALUES (764,'10/02/2013','Berlino','Francoforte','BXZ-552');
INSERT INTO "volo" (idVolo,data,cittaPart,cittaArr,tipoAereo) VALUES (765,'28/07/2013','Berlino','Milano','VVB-493');
INSERT INTO "volo" (idVolo,data,cittaPart,cittaArr,tipoAereo) VALUES (766,'04/09/2012','San Pietroburgo','Francoforte','NQK-711');
INSERT INTO "volo" (idVolo,data,cittaPart,cittaArr,tipoAereo) VALUES (767,'20/03/2013','Varsavia','Mosca','GMD-033');
INSERT INTO "volo" (idVolo,data,cittaPart,cittaArr,tipoAereo) VALUES (768,'13/04/2014','Milano','Marsiglia','NFT-882');
INSERT INTO "volo" (idVolo,data,cittaPart,cittaArr,tipoAereo) VALUES (769,'22/02/2013','Madrid','Berlino','SDX-605');
INSERT INTO "volo" (idVolo,data,cittaPart,cittaArr,tipoAereo) VALUES (770,'08/09/2014','Mosca','Siviglia','VSH-796');
INSERT INTO "volo" (idVolo,data,cittaPart,cittaArr,tipoAereo) VALUES (771,'13/05/2014','Francoforte','Napoli','ELK-350');
INSERT INTO "volo" (idVolo,data,cittaPart,cittaArr,tipoAereo) VALUES (772,'26/10/2014','Valencia','Marsiglia','DPY-965');
INSERT INTO "volo" (idVolo,data,cittaPart,cittaArr,tipoAereo) VALUES (773,'01/11/2014','San Pietroburgo','Madrid','LWU-700');
INSERT INTO "volo" (idVolo,data,cittaPart,cittaArr,tipoAereo) VALUES (774,'30/09/2012','Milano','Varsavia','FVN-798');
INSERT INTO "volo" (idVolo,data,cittaPart,cittaArr,tipoAereo) VALUES (775,'28/11/2012','Barcellona','Monaco','DJG-283');
INSERT INTO "volo" (idVolo,data,cittaPart,cittaArr,tipoAereo) VALUES (776,'11/10/2013','Roma','Napoli','NFT-882');
INSERT INTO "volo" (idVolo,data,cittaPart,cittaArr,tipoAereo) VALUES (777,'29/12/2014','Parigi','Napoli','VSH-796');
INSERT INTO "volo" (idVolo,data,cittaPart,cittaArr,tipoAereo) VALUES (778,'14/07/2013','Amburgo','Roma','OWM-612');
INSERT INTO "volo" (idVolo,data,cittaPart,cittaArr,tipoAereo) VALUES (779,'30/05/2012','Valencia','Mosca','OMH-151');
INSERT INTO "volo" (idVolo,data,cittaPart,cittaArr,tipoAereo) VALUES (780,'21/05/2012','Amburgo','Berlino','GAP-091');
INSERT INTO "volo" (idVolo,data,cittaPart,cittaArr,tipoAereo) VALUES (781,'16/01/2013','Mosca','Valencia','HMP-860');
INSERT INTO "volo" (idVolo,data,cittaPart,cittaArr,tipoAereo) VALUES (782,'05/07/2014','Londra','Liverpool','WHJ-489');
INSERT INTO "volo" (idVolo,data,cittaPart,cittaArr,tipoAereo) VALUES (783,'02/08/2012','Parigi','Amburgo','WGO-981');
INSERT INTO "volo" (idVolo,data,cittaPart,cittaArr,tipoAereo) VALUES (784,'08/09/2012','Parigi','Roma','NUT-046');
INSERT INTO "volo" (idVolo,data,cittaPart,cittaArr,tipoAereo) VALUES (785,'01/01/2012','Mosca','Parigi','JLX-349');
INSERT INTO "volo" (idVolo,data,cittaPart,cittaArr,tipoAereo) VALUES (786,'02/05/2012','Marsiglia','San Pietroburgo','AGI-080');
INSERT INTO "volo" (idVolo,data,cittaPart,cittaArr,tipoAereo) VALUES (787,'08/10/2014','Amburgo','Parigi','UEM-137');
INSERT INTO "volo" (idVolo,data,cittaPart,cittaArr,tipoAereo) VALUES (788,'20/06/2014','Amburgo','Monaco','LWU-700');
INSERT INTO "volo" (idVolo,data,cittaPart,cittaArr,tipoAereo) VALUES (789,'07/12/2014','Liverpool','Monaco','LWU-700');
INSERT INTO "volo" (idVolo,data,cittaPart,cittaArr,tipoAereo) VALUES (790,'16/09/2014','Barcellona','Roma','OWM-612');
INSERT INTO "volo" (idVolo,data,cittaPart,cittaArr,tipoAereo) VALUES (791,'18/12/2014','Varsavia','Monaco','CQE-622');
INSERT INTO "volo" (idVolo,data,cittaPart,cittaArr,tipoAereo) VALUES (792,'14/11/2014','Marsiglia','Londra','LSM-557');
INSERT INTO "volo" (idVolo,data,cittaPart,cittaArr,tipoAereo) VALUES (793,'18/08/2012','Amburgo','Amburgo','TNI-733');
INSERT INTO "volo" (idVolo,data,cittaPart,cittaArr,tipoAereo) VALUES (794,'20/04/2012','Parigi','Madrid','MYH-218');
INSERT INTO "volo" (idVolo,data,cittaPart,cittaArr,tipoAereo) VALUES (795,'18/05/2013','Siviglia','Milano','CSY-690');
INSERT INTO "volo" (idVolo,data,cittaPart,cittaArr,tipoAereo) VALUES (796,'22/11/2012','San Pietroburgo','Valencia','RVY-803');
INSERT INTO "volo" (idVolo,data,cittaPart,cittaArr,tipoAereo) VALUES (797,'22/09/2012','Liverpool','Roma','TWI-333');
INSERT INTO "volo" (idVolo,data,cittaPart,cittaArr,tipoAereo) VALUES (798,'17/01/2012','Milano','San Pietroburgo','AVE-697');
INSERT INTO "volo" (idVolo,data,cittaPart,cittaArr,tipoAereo) VALUES (799,'19/03/2014','Milano','Londra','WDW-394');
INSERT INTO "volo" (idVolo,data,cittaPart,cittaArr,tipoAereo) VALUES (800,'11/05/2014','Siviglia','Berlino','ZCI-606');
INSERT INTO "volo" (idVolo,data,cittaPart,cittaArr,tipoAereo) VALUES (801,'17/06/2013','Marsiglia','Varsavia','GAP-091');
INSERT INTO "volo" (idVolo,data,cittaPart,cittaArr,tipoAereo) VALUES (802,'07/06/2014','Valencia','Monaco','FBA-022');
INSERT INTO "volo" (idVolo,data,cittaPart,cittaArr,tipoAereo) VALUES (803,'08/03/2013','Napoli','Barcellona','IFT-117');
INSERT INTO "volo" (idVolo,data,cittaPart,cittaArr,tipoAereo) VALUES (804,'10/08/2012','Lione','Londra','CQI-395');
INSERT INTO "volo" (idVolo,data,cittaPart,cittaArr,tipoAereo) VALUES (805,'26/11/2012','Milano','Francoforte','JJF-933');
INSERT INTO "volo" (idVolo,data,cittaPart,cittaArr,tipoAereo) VALUES (806,'18/02/2014','Siviglia','Londra','XBC-188');
INSERT INTO "volo" (idVolo,data,cittaPart,cittaArr,tipoAereo) VALUES (807,'21/11/2012','Amburgo','Siviglia','WDW-394');
INSERT INTO "volo" (idVolo,data,cittaPart,cittaArr,tipoAereo) VALUES (808,'25/03/2012','Napoli','Mosca','OVM-050');
INSERT INTO "volo" (idVolo,data,cittaPart,cittaArr,tipoAereo) VALUES (809,'22/01/2014','Roma','Londra','OWM-612');
INSERT INTO "volo" (idVolo,data,cittaPart,cittaArr,tipoAereo) VALUES (810,'26/04/2012','Madrid','Barcellona','ORP-730');
INSERT INTO "volo" (idVolo,data,cittaPart,cittaArr,tipoAereo) VALUES (811,'17/02/2013','Parigi','Napoli','FUQ-926');
INSERT INTO "volo" (idVolo,data,cittaPart,cittaArr,tipoAereo) VALUES (812,'30/08/2012','Mosca','Mosca','ORP-730');
INSERT INTO "volo" (idVolo,data,cittaPart,cittaArr,tipoAereo) VALUES (813,'15/11/2013','Amburgo','Marsiglia','FER-117');
INSERT INTO "volo" (idVolo,data,cittaPart,cittaArr,tipoAereo) VALUES (814,'19/04/2013','Roma','San Pietroburgo','HMP-860');
INSERT INTO "volo" (idVolo,data,cittaPart,cittaArr,tipoAereo) VALUES (815,'31/12/2012','Francoforte','Mosca','OVM-050');
INSERT INTO "volo" (idVolo,data,cittaPart,cittaArr,tipoAereo) VALUES (816,'18/04/2014','Tolosa','Marsiglia','WJN-125');
INSERT INTO "volo" (idVolo,data,cittaPart,cittaArr,tipoAereo) VALUES (817,'24/01/2012','Milano','Liverpool','AVE-697');
INSERT INTO "volo" (idVolo,data,cittaPart,cittaArr,tipoAereo) VALUES (818,'12/11/2014','Napoli','Amburgo','GXV-893');
INSERT INTO "volo" (idVolo,data,cittaPart,cittaArr,tipoAereo) VALUES (819,'17/01/2014','Siviglia','Parigi','QLH-005');
INSERT INTO "volo" (idVolo,data,cittaPart,cittaArr,tipoAereo) VALUES (820,'06/12/2012','Berlino','Mosca','GMD-033');
INSERT INTO "volo" (idVolo,data,cittaPart,cittaArr,tipoAereo) VALUES (821,'22/07/2014','Berlino','Milano','NFN-204');
INSERT INTO "volo" (idVolo,data,cittaPart,cittaArr,tipoAereo) VALUES (822,'01/12/2014','Berlino','Marsiglia','JVS-175');
INSERT INTO "volo" (idVolo,data,cittaPart,cittaArr,tipoAereo) VALUES (823,'05/01/2012','Parigi','Lione','LSM-557');
INSERT INTO "volo" (idVolo,data,cittaPart,cittaArr,tipoAereo) VALUES (824,'16/04/2013','Mosca','Tolosa','URG-551');
INSERT INTO "volo" (idVolo,data,cittaPart,cittaArr,tipoAereo) VALUES (825,'14/09/2012','Varsavia','Tolosa','POV-294');
INSERT INTO "volo" (idVolo,data,cittaPart,cittaArr,tipoAereo) VALUES (826,'23/12/2014','Parigi','Barcellona','UCI-314');
INSERT INTO "volo" (idVolo,data,cittaPart,cittaArr,tipoAereo) VALUES (827,'17/07/2012','Siviglia','Mosca','WDW-394');
INSERT INTO "volo" (idVolo,data,cittaPart,cittaArr,tipoAereo) VALUES (828,'30/01/2013','Francoforte','Milano','NML-629');
INSERT INTO "volo" (idVolo,data,cittaPart,cittaArr,tipoAereo) VALUES (829,'05/06/2014','Francoforte','Liverpool','POV-294');
INSERT INTO "volo" (idVolo,data,cittaPart,cittaArr,tipoAereo) VALUES (830,'19/10/2013','Mosca','Madrid','UGL-293');
INSERT INTO "volo" (idVolo,data,cittaPart,cittaArr,tipoAereo) VALUES (831,'19/04/2012','Marsiglia','Siviglia','POV-294');
INSERT INTO "volo" (idVolo,data,cittaPart,cittaArr,tipoAereo) VALUES (832,'23/11/2012','Mosca','San Pietroburgo','LEO-089');
INSERT INTO "volo" (idVolo,data,cittaPart,cittaArr,tipoAereo) VALUES (833,'29/07/2012','Roma','Parigi','RVY-803');
INSERT INTO "volo" (idVolo,data,cittaPart,cittaArr,tipoAereo) VALUES (834,'09/09/2014','San Pietroburgo','Valencia','NLY-802');
INSERT INTO "volo" (idVolo,data,cittaPart,cittaArr,tipoAereo) VALUES (835,'05/11/2012','Londra','Londra','HUX-675');
INSERT INTO "volo" (idVolo,data,cittaPart,cittaArr,tipoAereo) VALUES (836,'04/10/2012','Milano','Mosca','OWM-612');
INSERT INTO "volo" (idVolo,data,cittaPart,cittaArr,tipoAereo) VALUES (837,'09/07/2012','Barcellona','Milano','TNI-733');
INSERT INTO "volo" (idVolo,data,cittaPart,cittaArr,tipoAereo) VALUES (838,'23/08/2014','Berlino','Napoli','ELK-350');
INSERT INTO "volo" (idVolo,data,cittaPart,cittaArr,tipoAereo) VALUES (839,'21/11/2013','Londra','Berlino','NUT-046');
INSERT INTO "volo" (idVolo,data,cittaPart,cittaArr,tipoAereo) VALUES (840,'26/02/2014','Barcellona','Berlino','LVS-191');
INSERT INTO "volo" (idVolo,data,cittaPart,cittaArr,tipoAereo) VALUES (841,'02/02/2012','Liverpool','Varsavia','AGI-080');
INSERT INTO "volo" (idVolo,data,cittaPart,cittaArr,tipoAereo) VALUES (842,'24/04/2013','Barcellona','Valencia','DCQ-863');
INSERT INTO "volo" (idVolo,data,cittaPart,cittaArr,tipoAereo) VALUES (843,'14/09/2014','Liverpool','Francoforte','UCI-314');
INSERT INTO "volo" (idVolo,data,cittaPart,cittaArr,tipoAereo) VALUES (844,'03/09/2014','Tolosa','Tolosa','VVB-493');
INSERT INTO "volo" (idVolo,data,cittaPart,cittaArr,tipoAereo) VALUES (845,'02/09/2013','Berlino','Monaco','HMP-860');
INSERT INTO "volo" (idVolo,data,cittaPart,cittaArr,tipoAereo) VALUES (846,'19/09/2014','Milano','Parigi','KDH-744');
INSERT INTO "volo" (idVolo,data,cittaPart,cittaArr,tipoAereo) VALUES (847,'08/05/2014','Liverpool','Monaco','LRN-589');
INSERT INTO "volo" (idVolo,data,cittaPart,cittaArr,tipoAereo) VALUES (848,'25/08/2012','Parigi','Marsiglia','AVE-697');
INSERT INTO "volo" (idVolo,data,cittaPart,cittaArr,tipoAereo) VALUES (849,'05/06/2012','Mosca','Mosca','NLY-802');
INSERT INTO "volo" (idVolo,data,cittaPart,cittaArr,tipoAereo) VALUES (850,'30/12/2013','Amburgo','Berlino','OVM-050');
INSERT INTO "volo" (idVolo,data,cittaPart,cittaArr,tipoAereo) VALUES (851,'05/11/2014','Monaco','Mosca','UJI-531');
INSERT INTO "volo" (idVolo,data,cittaPart,cittaArr,tipoAereo) VALUES (852,'06/09/2014','Berlino','Siviglia','XUZ-619');
INSERT INTO "volo" (idVolo,data,cittaPart,cittaArr,tipoAereo) VALUES (853,'11/08/2012','Roma','Francoforte','NUT-046');
INSERT INTO "volo" (idVolo,data,cittaPart,cittaArr,tipoAereo) VALUES (854,'04/12/2012','Madrid','Berlino','ZWV-443');
INSERT INTO "volo" (idVolo,data,cittaPart,cittaArr,tipoAereo) VALUES (855,'09/06/2013','Milano','Tolosa','VNC-518');
INSERT INTO "volo" (idVolo,data,cittaPart,cittaArr,tipoAereo) VALUES (856,'24/08/2014','Milano','Lione','HIH-829');
INSERT INTO "volo" (idVolo,data,cittaPart,cittaArr,tipoAereo) VALUES (857,'23/11/2013','Francoforte','Roma','GMD-033');
INSERT INTO "volo" (idVolo,data,cittaPart,cittaArr,tipoAereo) VALUES (858,'18/08/2012','Varsavia','Varsavia','FVN-798');
INSERT INTO "volo" (idVolo,data,cittaPart,cittaArr,tipoAereo) VALUES (859,'18/08/2012','Liverpool','Berlino','IFT-117');
INSERT INTO "volo" (idVolo,data,cittaPart,cittaArr,tipoAereo) VALUES (860,'01/02/2014','Napoli','Milano','FER-117');
INSERT INTO "volo" (idVolo,data,cittaPart,cittaArr,tipoAereo) VALUES (861,'12/01/2012','Varsavia','Berlino','TEW-884');
INSERT INTO "volo" (idVolo,data,cittaPart,cittaArr,tipoAereo) VALUES (862,'14/08/2012','Siviglia','Napoli','HIH-829');
INSERT INTO "volo" (idVolo,data,cittaPart,cittaArr,tipoAereo) VALUES (863,'23/01/2012','Parigi','Parigi','QXX-676');
INSERT INTO "volo" (idVolo,data,cittaPart,cittaArr,tipoAereo) VALUES (864,'02/08/2012','Amburgo','Monaco','XBC-188');
INSERT INTO "volo" (idVolo,data,cittaPart,cittaArr,tipoAereo) VALUES (865,'27/02/2014','Londra','Amburgo','KWT-565');
INSERT INTO "volo" (idVolo,data,cittaPart,cittaArr,tipoAereo) VALUES (866,'13/12/2013','Berlino','Francoforte','OSH-428');
INSERT INTO "volo" (idVolo,data,cittaPart,cittaArr,tipoAereo) VALUES (867,'26/08/2012','Tolosa','Mosca','GXV-893');
INSERT INTO "volo" (idVolo,data,cittaPart,cittaArr,tipoAereo) VALUES (868,'15/01/2012','Amburgo','Monaco','BXZ-552');
INSERT INTO "volo" (idVolo,data,cittaPart,cittaArr,tipoAereo) VALUES (869,'27/05/2014','Liverpool','Siviglia','BXZ-552');
INSERT INTO "volo" (idVolo,data,cittaPart,cittaArr,tipoAereo) VALUES (870,'26/09/2012','Napoli','Monaco','POV-294');
INSERT INTO "volo" (idVolo,data,cittaPart,cittaArr,tipoAereo) VALUES (871,'19/03/2012','Parigi','Roma','VSH-796');
INSERT INTO "volo" (idVolo,data,cittaPart,cittaArr,tipoAereo) VALUES (872,'09/11/2014','Marsiglia','Lione','FER-117');
INSERT INTO "volo" (idVolo,data,cittaPart,cittaArr,tipoAereo) VALUES (873,'23/07/2014','San Pietroburgo','Barcellona','VNC-518');
INSERT INTO "volo" (idVolo,data,cittaPart,cittaArr,tipoAereo) VALUES (874,'12/08/2013','Milano','San Pietroburgo','POV-294');
INSERT INTO "volo" (idVolo,data,cittaPart,cittaArr,tipoAereo) VALUES (875,'08/12/2013','Napoli','Mosca','NFT-882');
INSERT INTO "volo" (idVolo,data,cittaPart,cittaArr,tipoAereo) VALUES (876,'18/04/2014','Milano','Monaco','NUT-046');
INSERT INTO "volo" (idVolo,data,cittaPart,cittaArr,tipoAereo) VALUES (877,'19/07/2014','Berlino','Napoli','UJI-531');
INSERT INTO "volo" (idVolo,data,cittaPart,cittaArr,tipoAereo) VALUES (878,'09/09/2013','Parigi','Napoli','ZFQ-210');
INSERT INTO "volo" (idVolo,data,cittaPart,cittaArr,tipoAereo) VALUES (879,'09/10/2013','Milano','Milano','ZWV-443');
INSERT INTO "volo" (idVolo,data,cittaPart,cittaArr,tipoAereo) VALUES (880,'29/05/2013','Parigi','Marsiglia','NUT-046');
INSERT INTO "volo" (idVolo,data,cittaPart,cittaArr,tipoAereo) VALUES (881,'30/06/2013','Berlino','Parigi','ZFQ-210');
INSERT INTO "volo" (idVolo,data,cittaPart,cittaArr,tipoAereo) VALUES (882,'17/11/2012','Parigi','Francoforte','SGC-374');
INSERT INTO "volo" (idVolo,data,cittaPart,cittaArr,tipoAereo) VALUES (883,'19/05/2013','Londra','Lione','SZM-148');
INSERT INTO "volo" (idVolo,data,cittaPart,cittaArr,tipoAereo) VALUES (884,'23/07/2013','Siviglia','Liverpool','RVY-803');
INSERT INTO "volo" (idVolo,data,cittaPart,cittaArr,tipoAereo) VALUES (885,'05/05/2014','Londra','Barcellona','VHF-428');
INSERT INTO "volo" (idVolo,data,cittaPart,cittaArr,tipoAereo) VALUES (886,'03/01/2013','Barcellona','Amburgo','VHS-521');
INSERT INTO "volo" (idVolo,data,cittaPart,cittaArr,tipoAereo) VALUES (887,'17/12/2014','Amburgo','San Pietroburgo','NQK-711');
INSERT INTO "volo" (idVolo,data,cittaPart,cittaArr,tipoAereo) VALUES (888,'02/10/2014','Valencia','Varsavia','TEW-884');
INSERT INTO "volo" (idVolo,data,cittaPart,cittaArr,tipoAereo) VALUES (889,'01/02/2012','Siviglia','Liverpool','IDW-645');
INSERT INTO "volo" (idVolo,data,cittaPart,cittaArr,tipoAereo) VALUES (890,'01/01/2012','Tolosa','Amburgo','NML-629');
INSERT INTO "volo" (idVolo,data,cittaPart,cittaArr,tipoAereo) VALUES (891,'06/04/2012','Madrid','Varsavia','WHJ-489');
INSERT INTO "volo" (idVolo,data,cittaPart,cittaArr,tipoAereo) VALUES (892,'16/09/2012','Mosca','Parigi','KDR-597');
INSERT INTO "volo" (idVolo,data,cittaPart,cittaArr,tipoAereo) VALUES (893,'19/07/2013','Madrid','Londra','ORP-730');
INSERT INTO "volo" (idVolo,data,cittaPart,cittaArr,tipoAereo) VALUES (894,'11/07/2013','Francoforte','Milano','URG-551');
INSERT INTO "volo" (idVolo,data,cittaPart,cittaArr,tipoAereo) VALUES (895,'24/03/2013','Berlino','Madrid','JJF-933');
INSERT INTO "volo" (idVolo,data,cittaPart,cittaArr,tipoAereo) VALUES (896,'05/07/2014','Mosca','Napoli','KYJ-408');
INSERT INTO "volo" (idVolo,data,cittaPart,cittaArr,tipoAereo) VALUES (897,'14/12/2013','Roma','Madrid','KDR-597');
INSERT INTO "volo" (idVolo,data,cittaPart,cittaArr,tipoAereo) VALUES (898,'30/12/2013','Milano','San Pietroburgo','ULC-228');
INSERT INTO "volo" (idVolo,data,cittaPart,cittaArr,tipoAereo) VALUES (899,'17/06/2012','Tolosa','Roma','NDC-733');
INSERT INTO "volo" (idVolo,data,cittaPart,cittaArr,tipoAereo) VALUES (900,'26/02/2014','Siviglia','Londra','UEM-137');
INSERT INTO "volo" (idVolo,data,cittaPart,cittaArr,tipoAereo) VALUES (901,'19/03/2014','Marsiglia','Lione','UEM-137');
INSERT INTO "volo" (idVolo,data,cittaPart,cittaArr,tipoAereo) VALUES (902,'28/03/2013','Siviglia','Mosca','XRR-267');
INSERT INTO "volo" (idVolo,data,cittaPart,cittaArr,tipoAereo) VALUES (903,'31/01/2014','Marsiglia','Berlino','VSH-796');
INSERT INTO "volo" (idVolo,data,cittaPart,cittaArr,tipoAereo) VALUES (904,'15/01/2014','Parigi','Roma','LRN-589');
INSERT INTO "volo" (idVolo,data,cittaPart,cittaArr,tipoAereo) VALUES (905,'28/04/2014','Napoli','Parigi','LWU-700');
INSERT INTO "volo" (idVolo,data,cittaPart,cittaArr,tipoAereo) VALUES (906,'14/06/2014','Milano','Roma','OMH-151');
INSERT INTO "volo" (idVolo,data,cittaPart,cittaArr,tipoAereo) VALUES (907,'17/11/2014','Lione','San Pietroburgo','HUX-675');
INSERT INTO "volo" (idVolo,data,cittaPart,cittaArr,tipoAereo) VALUES (908,'15/02/2014','Milano','Valencia','NZP-055');
INSERT INTO "volo" (idVolo,data,cittaPart,cittaArr,tipoAereo) VALUES (909,'29/01/2013','Lione','Milano','OSH-428');
INSERT INTO "volo" (idVolo,data,cittaPart,cittaArr,tipoAereo) VALUES (910,'24/05/2012','Parigi','Siviglia','KWT-565');
INSERT INTO "volo" (idVolo,data,cittaPart,cittaArr,tipoAereo) VALUES (911,'05/07/2014','Amburgo','Milano','GDP-963');
INSERT INTO "volo" (idVolo,data,cittaPart,cittaArr,tipoAereo) VALUES (912,'13/10/2013','Francoforte','Varsavia','WGO-981');
INSERT INTO "volo" (idVolo,data,cittaPart,cittaArr,tipoAereo) VALUES (913,'22/08/2013','Milano','Madrid','RVY-803');
INSERT INTO "volo" (idVolo,data,cittaPart,cittaArr,tipoAereo) VALUES (914,'17/07/2014','Liverpool','Berlino','AGI-080');
INSERT INTO "volo" (idVolo,data,cittaPart,cittaArr,tipoAereo) VALUES (915,'13/06/2013','Madrid','Monaco','YOW-051');
INSERT INTO "volo" (idVolo,data,cittaPart,cittaArr,tipoAereo) VALUES (916,'23/10/2014','Madrid','Liverpool','HMP-860');
INSERT INTO "volo" (idVolo,data,cittaPart,cittaArr,tipoAereo) VALUES (917,'10/07/2012','Varsavia','Parigi','AGI-080');
INSERT INTO "volo" (idVolo,data,cittaPart,cittaArr,tipoAereo) VALUES (918,'08/04/2012','Amburgo','Marsiglia','UEM-137');
INSERT INTO "volo" (idVolo,data,cittaPart,cittaArr,tipoAereo) VALUES (919,'24/09/2012','Valencia','Varsavia','MYH-218');
INSERT INTO "volo" (idVolo,data,cittaPart,cittaArr,tipoAereo) VALUES (920,'13/10/2014','Amburgo','Valencia','URG-551');
INSERT INTO "volo" (idVolo,data,cittaPart,cittaArr,tipoAereo) VALUES (921,'15/06/2013','Milano','Berlino','PMV-365');
INSERT INTO "volo" (idVolo,data,cittaPart,cittaArr,tipoAereo) VALUES (922,'10/04/2012','Francoforte','Francoforte','ZIK-664');
INSERT INTO "volo" (idVolo,data,cittaPart,cittaArr,tipoAereo) VALUES (923,'27/02/2012','Berlino','San Pietroburgo','BAD-103');
INSERT INTO "volo" (idVolo,data,cittaPart,cittaArr,tipoAereo) VALUES (924,'23/03/2014','Roma','Amburgo','KDH-744');
INSERT INTO "volo" (idVolo,data,cittaPart,cittaArr,tipoAereo) VALUES (925,'04/05/2014','Monaco','Londra','OSH-428');
INSERT INTO "volo" (idVolo,data,cittaPart,cittaArr,tipoAereo) VALUES (926,'08/09/2012','Parigi','Berlino','NZP-055');
INSERT INTO "volo" (idVolo,data,cittaPart,cittaArr,tipoAereo) VALUES (927,'03/07/2013','Tolosa','Lione','DPY-965');
INSERT INTO "volo" (idVolo,data,cittaPart,cittaArr,tipoAereo) VALUES (928,'05/01/2012','Napoli','Monaco','AGI-080');
INSERT INTO "volo" (idVolo,data,cittaPart,cittaArr,tipoAereo) VALUES (929,'28/08/2013','Napoli','Roma','MYH-218');
INSERT INTO "volo" (idVolo,data,cittaPart,cittaArr,tipoAereo) VALUES (930,'10/03/2014','Amburgo','Tolosa','DPY-965');
INSERT INTO "volo" (idVolo,data,cittaPart,cittaArr,tipoAereo) VALUES (931,'02/08/2012','Monaco','Milano','OSH-428');
INSERT INTO "volo" (idVolo,data,cittaPart,cittaArr,tipoAereo) VALUES (932,'08/03/2012','Liverpool','Madrid','DJG-283');
INSERT INTO "volo" (idVolo,data,cittaPart,cittaArr,tipoAereo) VALUES (933,'26/05/2013','Roma','Liverpool','JJF-933');
INSERT INTO "volo" (idVolo,data,cittaPart,cittaArr,tipoAereo) VALUES (934,'23/10/2013','Madrid','Monaco','URG-551');
INSERT INTO "volo" (idVolo,data,cittaPart,cittaArr,tipoAereo) VALUES (935,'30/08/2012','Roma','San Pietroburgo','UCI-314');
INSERT INTO "volo" (idVolo,data,cittaPart,cittaArr,tipoAereo) VALUES (936,'24/11/2013','Monaco','Lione','ZIK-664');
INSERT INTO "volo" (idVolo,data,cittaPart,cittaArr,tipoAereo) VALUES (937,'30/03/2013','Valencia','Siviglia','KDR-597');
INSERT INTO "volo" (idVolo,data,cittaPart,cittaArr,tipoAereo) VALUES (938,'29/04/2012','Mosca','Napoli','VHS-521');
INSERT INTO "volo" (idVolo,data,cittaPart,cittaArr,tipoAereo) VALUES (939,'18/09/2013','Napoli','Valencia','JIC-352');
INSERT INTO "volo" (idVolo,data,cittaPart,cittaArr,tipoAereo) VALUES (940,'07/08/2014','Mosca','Amburgo','JJF-933');
INSERT INTO "volo" (idVolo,data,cittaPart,cittaArr,tipoAereo) VALUES (941,'04/04/2012','Francoforte','Londra','JLX-349');
INSERT INTO "volo" (idVolo,data,cittaPart,cittaArr,tipoAereo) VALUES (942,'20/01/2012','Parigi','Francoforte','BAD-103');
INSERT INTO "volo" (idVolo,data,cittaPart,cittaArr,tipoAereo) VALUES (943,'13/02/2013','Berlino','Liverpool','BDE-255');
INSERT INTO "volo" (idVolo,data,cittaPart,cittaArr,tipoAereo) VALUES (944,'05/12/2012','Milano','Napoli','OMH-151');
INSERT INTO "volo" (idVolo,data,cittaPart,cittaArr,tipoAereo) VALUES (945,'14/10/2012','Siviglia','San Pietroburgo','BAD-103');
INSERT INTO "volo" (idVolo,data,cittaPart,cittaArr,tipoAereo) VALUES (946,'14/08/2014','Monaco','Milano','TZC-916');
INSERT INTO "volo" (idVolo,data,cittaPart,cittaArr,tipoAereo) VALUES (947,'26/09/2013','Monaco','Parigi','DCQ-863');
INSERT INTO "volo" (idVolo,data,cittaPart,cittaArr,tipoAereo) VALUES (948,'09/02/2013','San Pietroburgo','Marsiglia','CQE-622');
INSERT INTO "volo" (idVolo,data,cittaPart,cittaArr,tipoAereo) VALUES (949,'06/09/2013','Londra','Parigi','PMV-365');
INSERT INTO "volo" (idVolo,data,cittaPart,cittaArr,tipoAereo) VALUES (950,'22/11/2014','Marsiglia','Valencia','LWU-700');
INSERT INTO "volo" (idVolo,data,cittaPart,cittaArr,tipoAereo) VALUES (951,'12/03/2012','Londra','Milano','TZC-916');
INSERT INTO "volo" (idVolo,data,cittaPart,cittaArr,tipoAereo) VALUES (952,'24/01/2013','Siviglia','Londra','LFD-789');
INSERT INTO "volo" (idVolo,data,cittaPart,cittaArr,tipoAereo) VALUES (953,'20/09/2013','Varsavia','Napoli','JIC-352');
INSERT INTO "volo" (idVolo,data,cittaPart,cittaArr,tipoAereo) VALUES (954,'29/08/2014','Monaco','Marsiglia','FVN-798');
INSERT INTO "volo" (idVolo,data,cittaPart,cittaArr,tipoAereo) VALUES (955,'28/08/2014','Mosca','Amburgo','OWM-612');
INSERT INTO "volo" (idVolo,data,cittaPart,cittaArr,tipoAereo) VALUES (956,'22/08/2012','Monaco','Varsavia','SZM-148');
INSERT INTO "volo" (idVolo,data,cittaPart,cittaArr,tipoAereo) VALUES (957,'12/09/2014','Monaco','Berlino','MYH-218');
INSERT INTO "volo" (idVolo,data,cittaPart,cittaArr,tipoAereo) VALUES (958,'30/01/2014','Madrid','Napoli','VSH-796');
INSERT INTO "volo" (idVolo,data,cittaPart,cittaArr,tipoAereo) VALUES (959,'17/10/2012','Lione','Londra','OWM-612');
INSERT INTO "volo" (idVolo,data,cittaPart,cittaArr,tipoAereo) VALUES (960,'29/05/2013','Roma','Mosca','SDX-605');
INSERT INTO "volo" (idVolo,data,cittaPart,cittaArr,tipoAereo) VALUES (961,'13/07/2014','Madrid','San Pietroburgo','SIN-829');
INSERT INTO "volo" (idVolo,data,cittaPart,cittaArr,tipoAereo) VALUES (962,'07/11/2014','Milano','Londra','FER-117');
INSERT INTO "volo" (idVolo,data,cittaPart,cittaArr,tipoAereo) VALUES (963,'27/07/2014','San Pietroburgo','Valencia','FUQ-926');
INSERT INTO "volo" (idVolo,data,cittaPart,cittaArr,tipoAereo) VALUES (964,'18/06/2013','Mosca','Monaco','MYH-218');
INSERT INTO "volo" (idVolo,data,cittaPart,cittaArr,tipoAereo) VALUES (965,'08/03/2013','San Pietroburgo','Milano','PMV-365');
INSERT INTO "volo" (idVolo,data,cittaPart,cittaArr,tipoAereo) VALUES (966,'03/05/2013','Londra','Marsiglia','FBA-022');
INSERT INTO "volo" (idVolo,data,cittaPart,cittaArr,tipoAereo) VALUES (967,'19/02/2014','Amburgo','Lione','CQE-622');
INSERT INTO "volo" (idVolo,data,cittaPart,cittaArr,tipoAereo) VALUES (968,'27/02/2013','Lione','Berlino','OVM-050');
INSERT INTO "volo" (idVolo,data,cittaPart,cittaArr,tipoAereo) VALUES (969,'04/06/2014','Monaco','Berlino','ELK-350');
INSERT INTO "volo" (idVolo,data,cittaPart,cittaArr,tipoAereo) VALUES (970,'18/10/2012','Marsiglia','Napoli','OVM-050');
INSERT INTO "volo" (idVolo,data,cittaPart,cittaArr,tipoAereo) VALUES (971,'03/02/2014','Berlino','Napoli','FBA-022');
INSERT INTO "volo" (idVolo,data,cittaPart,cittaArr,tipoAereo) VALUES (972,'04/06/2012','Barcellona','Napoli','BUV-455');
INSERT INTO "volo" (idVolo,data,cittaPart,cittaArr,tipoAereo) VALUES (973,'17/02/2013','Liverpool','Siviglia','CSY-690');
INSERT INTO "volo" (idVolo,data,cittaPart,cittaArr,tipoAereo) VALUES (974,'12/11/2014','Mosca','Roma','UCI-314');
INSERT INTO "volo" (idVolo,data,cittaPart,cittaArr,tipoAereo) VALUES (975,'04/10/2014','Madrid','Liverpool','FER-117');
INSERT INTO "volo" (idVolo,data,cittaPart,cittaArr,tipoAereo) VALUES (976,'31/05/2013','Londra','Marsiglia','NQK-711');
INSERT INTO "volo" (idVolo,data,cittaPart,cittaArr,tipoAereo) VALUES (977,'31/05/2014','Valencia','Tolosa','CQE-622');
INSERT INTO "volo" (idVolo,data,cittaPart,cittaArr,tipoAereo) VALUES (978,'03/01/2014','San Pietroburgo','Liverpool','VHF-428');
INSERT INTO "volo" (idVolo,data,cittaPart,cittaArr,tipoAereo) VALUES (979,'26/10/2014','Marsiglia','Mosca','HMP-860');
INSERT INTO "volo" (idVolo,data,cittaPart,cittaArr,tipoAereo) VALUES (980,'13/06/2013','Siviglia','Napoli','NQK-711');
INSERT INTO "volo" (idVolo,data,cittaPart,cittaArr,tipoAereo) VALUES (981,'09/12/2012','Marsiglia','Francoforte','LSM-557');
INSERT INTO "volo" (idVolo,data,cittaPart,cittaArr,tipoAereo) VALUES (982,'29/06/2014','Milano','Milano','KYJ-408');
INSERT INTO "volo" (idVolo,data,cittaPart,cittaArr,tipoAereo) VALUES (983,'30/01/2012','Siviglia','Milano','JJF-933');
INSERT INTO "volo" (idVolo,data,cittaPart,cittaArr,tipoAereo) VALUES (984,'24/08/2012','Valencia','Amburgo','KDH-744');
INSERT INTO "volo" (idVolo,data,cittaPart,cittaArr,tipoAereo) VALUES (985,'23/03/2014','Marsiglia','Marsiglia','OVM-050');
INSERT INTO "volo" (idVolo,data,cittaPart,cittaArr,tipoAereo) VALUES (986,'19/05/2014','Londra','Francoforte','XBC-188');
INSERT INTO "volo" (idVolo,data,cittaPart,cittaArr,tipoAereo) VALUES (987,'16/05/2014','Napoli','Liverpool','KPY-010');
INSERT INTO "volo" (idVolo,data,cittaPart,cittaArr,tipoAereo) VALUES (988,'30/11/2014','Madrid','San Pietroburgo','URG-551');
INSERT INTO "volo" (idVolo,data,cittaPart,cittaArr,tipoAereo) VALUES (989,'03/10/2013','Tolosa','Monaco','YOW-051');
INSERT INTO "volo" (idVolo,data,cittaPart,cittaArr,tipoAereo) VALUES (990,'29/01/2014','Liverpool','Londra','VSH-796');
INSERT INTO "volo" (idVolo,data,cittaPart,cittaArr,tipoAereo) VALUES (991,'07/06/2014','Mosca','Lione','GDP-963');
INSERT INTO "volo" (idVolo,data,cittaPart,cittaArr,tipoAereo) VALUES (992,'08/04/2012','Tolosa','Valencia','NUT-046');
INSERT INTO "volo" (idVolo,data,cittaPart,cittaArr,tipoAereo) VALUES (993,'16/11/2013','Londra','Liverpool','KDB-485');
INSERT INTO "volo" (idVolo,data,cittaPart,cittaArr,tipoAereo) VALUES (994,'04/09/2012','Parigi','Francoforte','JZI-296');
INSERT INTO "volo" (idVolo,data,cittaPart,cittaArr,tipoAereo) VALUES (995,'08/04/2012','Tolosa','Berlino','NQK-711');
INSERT INTO "volo" (idVolo,data,cittaPart,cittaArr,tipoAereo) VALUES (996,'01/04/2012','Siviglia','Madrid','TWI-333');
INSERT INTO "volo" (idVolo,data,cittaPart,cittaArr,tipoAereo) VALUES (997,'03/08/2014','Lione','Madrid','FUQ-926');
INSERT INTO "volo" (idVolo,data,cittaPart,cittaArr,tipoAereo) VALUES (998,'24/08/2013','Barcellona','Francoforte','JVS-175');
INSERT INTO "volo" (idVolo,data,cittaPart,cittaArr,tipoAereo) VALUES (999,'23/09/2014','Barcellona','Varsavia','DPY-965');
INSERT INTO "volo" (idVolo,data,cittaPart,cittaArr,tipoAereo) VALUES (1000,'16/08/2013','Marsiglia','Varsavia','NZP-055');
